809
0.866025 0.000000 1 1 0.500000 0.500000 0.500000
-8.500000 0.500000 41.500000
0.000000 0.000000 0.000000
0.000000 0.000000 0.000000
1.000000 0.000000 0.000000 0.000000
0.800000 0.800000 0.800000
0.500000
0.866025 0.000000 1 1 0.500000 0.500000 0.500000
-8.500000 0.500000 42.500000
0.000000 0.000000 0.000000
0.000000 0.000000 0.000000
1.000000 0.000000 0.000000 0.000000
0.800000 0.800000 0.800000
0.500000
0.866025 0.000000 1 1 0.500000 0.500000 0.500000
-8.500000 0.500000 43.500000
0.000000 0.000000 0.000000
0.000000 0.000000 0.000000
1.000000 0.000000 0.000000 0.000000
0.800000 0.800000 0.800000
0.500000
0.866025 0.000000 1 1 0.500000 0.500000 0.500000
-8.500000 0.500000 44.500000
0.000000 0.000000 0.000000
0.000000 0.000000 0.000000
1.000000 0.000000 0.000000 0.000000
0.800000 0.800000 0.800000
0.500000
0.866025 0.000000 1 1 0.500000 0.500000 0.500000
-8.500000 0.500000 45.500000
0.000000 0.000000 0.000000
0.000000 0.000000 0.000000
1.000000 0.000000 0.000000 0.000000
0.800000 0.800000 0.800000
0.500000
0.866025 0.000000 1 1 0.500000 0.500000 0.500000
-8.500000 0.500000 46.500000
0.000000 0.000000 0.000000
0.000000 0.000000 0.000000
1.000000 0.000000 0.000000 0.000000
0.800000 0.800000 0.800000
0.500000
0.866025 0.000000 1 1 0.500000 0.500000 0.500000
-8.500000 0.500000 47.500000
0.000000 0.000000 0.000000
0.000000 0.000000 0.000000
1.000000 0.000000 0.000000 0.000000
0.800000 0.800000 0.800000
0.500000
0.866025 0.000000 1 1 0.500000 0.500000 0.500000
-8.500000 0.500000 48.500000
0.000000 0.000000 0.000000
0.000000 0.000000 0.000000
1.000000 0.000000 0.000000 0.000000
0.800000 0.800000 0.800000
0.500000
0.866025 0.000000 1 1 0.500000 0.500000 0.500000
-8.500000 0.500000 49.500000
0.000000 0.000000 0.000000
0.000000 0.000000 0.000000
1.000000 0.000000 0.000000 0.000000
0.800000 0.800000 0.800000
0.500000
0.866025 0.000000 1 1 0.500000 0.500000 0.500000
-8.500000 0.500000 50.500000
0.000000 0.000000 0.000000
0.000000 0.000000 0.000000
1.000000 0.000000 0.000000 0.000000
0.800000 0.800000 0.800000
0.500000
0.866025 0.000000 1 1 0.500000 0.500000 0.500000
-8.500000 0.500000 51.500000
0.000000 0.000000 0.000000
0.000000 0.000000 0.000000
1.000000 0.000000 0.000000 0.000000
0.800000 0.800000 0.800000
0.500000
0.866025 0.000000 1 1 0.500000 0.500000 0.500000
-7.500000 0.500000 51.500000
0.000000 0.000000 0.000000
0.000000 0.000000 0.000000
1.000000 0.000000 0.000000 0.000000
0.800000 0.800000 0.800000
0.500000
0.866025 0.000000 1 1 0.500000 0.500000 0.500000
-6.500000 0.500000 51.500000
0.000000 0.000000 0.000000
0.000000 0.000000 0.000000
1.000000 0.000000 0.000000 0.000000
0.800000 0.800000 0.800000
0.500000
0.866025 0.000000 1 1 0.500000 0.500000 0.500000
-5.500000 0.500000 51.500000
0.000000 0.000000 0.000000
0.000000 0.000000 0.000000
1.000000 0.000000 0.000000 0.000000
0.800000 0.800000 0.800000
0.500000
0.866025 0.000000 1 1 0.500000 0.500000 0.500000
-4.500000 0.500000 51.500000
0.000000 0.000000 0.000000
0.000000 0.000000 0.000000
1.000000 0.000000 0.000000 0.000000
0.800000 0.800000 0.800000
0.500000
0.866025 0.000000 1 1 0.500000 0.500000 0.500000
-3.500000 0.500000 51.500000
0.000000 0.000000 0.000000
0.000000 0.000000 0.000000
1.000000 0.000000 0.000000 0.000000
0.800000 0.800000 0.800000
0.500000
0.866025 0.000000 1 1 0.500000 0.500000 0.500000
-2.500000 0.500000 51.500000
0.000000 0.000000 0.000000
0.000000 0.000000 0.000000
1.000000 0.000000 0.000000 0.000000
0.800000 0.800000 0.800000
0.500000
0.866025 0.000000 1 1 0.500000 0.500000 0.500000
-1.500000 0.500000 51.500000
0.000000 0.000000 0.000000
0.000000 0.000000 0.000000
1.000000 0.000000 0.000000 0.000000
0.800000 0.800000 0.800000
0.500000
0.866025 0.000000 1 1 0.500000 0.500000 0.500000
-0.500000 0.500000 51.500000
0.000000 0.000000 0.000000
0.000000 0.000000 0.000000
1.000000 0.000000 0.000000 0.000000
0.800000 0.800000 0.800000
0.500000
0.866025 0.000000 1 1 0.500000 0.500000 0.500000
0.500000 0.500000 51.500000
0.000000 0.000000 0.000000
0.000000 0.000000 0.000000
1.000000 0.000000 0.000000 0.000000
0.800000 0.800000 0.800000
0.500000
0.866025 0.000000 1 1 0.500000 0.500000 0.500000
0.500000 0.500000 50.500000
0.000000 0.000000 0.000000
0.000000 0.000000 0.000000
1.000000 0.000000 0.000000 0.000000
0.800000 0.800000 0.800000
0.500000
0.866025 0.000000 1 1 0.500000 0.500000 0.500000
0.500000 0.500000 49.500000
0.000000 0.000000 0.000000
0.000000 0.000000 0.000000
1.000000 0.000000 0.000000 0.000000
0.800000 0.800000 0.800000
0.500000
0.866025 0.000000 1 1 0.500000 0.500000 0.500000
0.500000 0.500000 48.500000
0.000000 0.000000 0.000000
0.000000 0.000000 0.000000
1.000000 0.000000 0.000000 0.000000
0.800000 0.800000 0.800000
0.500000
0.866025 0.000000 1 1 0.500000 0.500000 0.500000
0.500000 0.500000 47.500000
0.000000 0.000000 0.000000
0.000000 0.000000 0.000000
1.000000 0.000000 0.000000 0.000000
0.800000 0.800000 0.800000
0.500000
0.866025 0.000000 1 1 0.500000 0.500000 0.500000
0.500000 0.500000 46.500000
0.000000 0.000000 0.000000
0.000000 0.000000 0.000000
1.000000 0.000000 0.000000 0.000000
0.800000 0.800000 0.800000
0.500000
0.866025 0.000000 1 1 0.500000 0.500000 0.500000
0.500000 0.500000 45.500000
0.000000 0.000000 0.000000
0.000000 0.000000 0.000000
1.000000 0.000000 0.000000 0.000000
0.800000 0.800000 0.800000
0.500000
0.866025 0.000000 1 1 0.500000 0.500000 0.500000
0.500000 0.500000 44.500000
0.000000 0.000000 0.000000
0.000000 0.000000 0.000000
1.000000 0.000000 0.000000 0.000000
0.800000 0.800000 0.800000
0.500000
0.866025 0.000000 1 1 0.500000 0.500000 0.500000
0.500000 0.500000 43.500000
0.000000 0.000000 0.000000
0.000000 0.000000 0.000000
1.000000 0.000000 0.000000 0.000000
0.800000 0.800000 0.800000
0.500000
0.866025 0.000000 1 1 0.500000 0.500000 0.500000
0.500000 0.500000 42.500000
0.000000 0.000000 0.000000
0.000000 0.000000 0.000000
1.000000 0.000000 0.000000 0.000000
0.800000 0.800000 0.800000
0.500000
0.866025 0.000000 1 1 0.500000 0.500000 0.500000
0.500000 0.500000 41.500000
0.000000 0.000000 0.000000
0.000000 0.000000 0.000000
1.000000 0.000000 0.000000 0.000000
0.800000 0.800000 0.800000
0.500000
0.866025 0.000000 1 1 0.500000 0.500000 0.500000
-7.500000 0.500000 41.500000
0.000000 0.000000 0.000000
0.000000 0.000000 0.000000
1.000000 0.000000 0.000000 0.000000
0.800000 0.800000 0.800000
0.500000
0.866025 0.000000 1 1 0.500000 0.500000 0.500000
-6.500000 0.500000 41.500000
0.000000 0.000000 0.000000
0.000000 0.000000 0.000000
1.000000 0.000000 0.000000 0.000000
0.800000 0.800000 0.800000
0.500000
0.866025 0.000000 1 1 0.500000 0.500000 0.500000
-5.500000 0.500000 41.500000
0.000000 0.000000 0.000000
0.000000 0.000000 0.000000
1.000000 0.000000 0.000000 0.000000
0.800000 0.800000 0.800000
0.500000
0.866025 0.000000 1 1 0.500000 0.500000 0.500000
-4.500000 0.500000 41.500000
0.000000 0.000000 0.000000
0.000000 0.000000 0.000000
1.000000 0.000000 0.000000 0.000000
0.800000 0.800000 0.800000
0.500000
0.866025 0.000000 1 1 0.500000 0.500000 0.500000
-3.500000 0.500000 41.500000
0.000000 0.000000 0.000000
0.000000 0.000000 0.000000
1.000000 0.000000 0.000000 0.000000
0.800000 0.800000 0.800000
0.500000
0.866025 0.000000 1 1 0.500000 0.500000 0.500000
-2.500000 0.500000 41.500000
0.000000 0.000000 0.000000
0.000000 0.000000 0.000000
1.000000 0.000000 0.000000 0.000000
0.800000 0.800000 0.800000
0.500000
0.866025 0.000000 1 1 0.500000 0.500000 0.500000
-1.500000 0.500000 41.500000
0.000000 0.000000 0.000000
0.000000 0.000000 0.000000
1.000000 0.000000 0.000000 0.000000
0.800000 0.800000 0.800000
0.500000
0.866025 0.000000 1 1 0.500000 0.500000 0.500000
-1.500000 1.500000 41.500000
0.000000 0.000000 0.000000
0.000000 0.000000 0.000000
1.000000 0.000000 0.000000 0.000000
0.800000 0.800000 0.800000
0.500000
0.866025 0.000000 1 1 0.500000 0.500000 0.500000
0.500000 1.500000 41.500000
0.000000 0.000000 0.000000
0.000000 0.000000 0.000000
1.000000 0.000000 0.000000 0.000000
0.800000 0.800000 0.800000
0.500000
0.866025 0.000000 1 1 0.500000 0.500000 0.500000
0.500000 1.500000 46.500000
0.000000 0.000000 0.000000
0.000000 0.000000 0.000000
1.000000 0.000000 0.000000 0.000000
0.800000 0.800000 0.800000
0.500000
0.866025 0.000000 1 1 0.500000 0.500000 0.500000
0.500000 1.500000 47.500000
0.000000 0.000000 0.000000
0.000000 0.000000 0.000000
1.000000 0.000000 0.000000 0.000000
0.800000 0.800000 0.800000
0.500000
0.866025 0.000000 1 1 0.500000 0.500000 0.500000
0.500000 1.500000 48.500000
0.000000 0.000000 0.000000
0.000000 0.000000 0.000000
1.000000 0.000000 0.000000 0.000000
0.800000 0.800000 0.800000
0.500000
0.866025 0.000000 1 1 0.500000 0.500000 0.500000
0.500000 1.500000 49.500000
0.000000 0.000000 0.000000
0.000000 0.000000 0.000000
1.000000 0.000000 0.000000 0.000000
0.800000 0.800000 0.800000
0.500000
0.866025 0.000000 1 1 0.500000 0.500000 0.500000
0.500000 1.500000 50.500000
0.000000 0.000000 0.000000
0.000000 0.000000 0.000000
1.000000 0.000000 0.000000 0.000000
0.800000 0.800000 0.800000
0.500000
0.866025 0.000000 1 1 0.500000 0.500000 0.500000
0.500000 1.500000 51.500000
0.000000 0.000000 0.000000
0.000000 0.000000 0.000000
1.000000 0.000000 0.000000 0.000000
0.800000 0.800000 0.800000
0.500000
0.866025 0.000000 1 1 0.500000 0.500000 0.500000
-0.500000 1.500000 51.500000
0.000000 0.000000 0.000000
0.000000 0.000000 0.000000
1.000000 0.000000 0.000000 0.000000
0.800000 0.800000 0.800000
0.500000
0.866025 0.000000 1 1 0.500000 0.500000 0.500000
-1.500000 1.500000 51.500000
0.000000 0.000000 0.000000
0.000000 0.000000 0.000000
1.000000 0.000000 0.000000 0.000000
0.800000 0.800000 0.800000
0.500000
0.866025 0.000000 1 1 0.500000 0.500000 0.500000
-2.500000 1.500000 51.500000
0.000000 0.000000 0.000000
0.000000 0.000000 0.000000
1.000000 0.000000 0.000000 0.000000
0.800000 0.800000 0.800000
0.500000
0.866025 0.000000 1 1 0.500000 0.500000 0.500000
-3.500000 1.500000 51.500000
0.000000 0.000000 0.000000
0.000000 0.000000 0.000000
1.000000 0.000000 0.000000 0.000000
0.800000 0.800000 0.800000
0.500000
0.866025 0.000000 1 1 0.500000 0.500000 0.500000
-5.500000 1.500000 51.500000
0.000000 0.000000 0.000000
0.000000 0.000000 0.000000
1.000000 0.000000 0.000000 0.000000
0.800000 0.800000 0.800000
0.500000
0.866025 0.000000 1 1 0.500000 0.500000 0.500000
-6.500000 1.500000 51.500000
0.000000 0.000000 0.000000
0.000000 0.000000 0.000000
1.000000 0.000000 0.000000 0.000000
0.800000 0.800000 0.800000
0.500000
0.866025 0.000000 1 1 0.500000 0.500000 0.500000
-7.500000 1.500000 51.500000
0.000000 0.000000 0.000000
0.000000 0.000000 0.000000
1.000000 0.000000 0.000000 0.000000
0.800000 0.800000 0.800000
0.500000
0.866025 0.000000 1 1 0.500000 0.500000 0.500000
-8.500000 1.500000 51.500000
0.000000 0.000000 0.000000
0.000000 0.000000 0.000000
1.000000 0.000000 0.000000 0.000000
0.800000 0.800000 0.800000
0.500000
0.866025 0.000000 1 1 0.500000 0.500000 0.500000
-8.500000 1.500000 50.500000
0.000000 0.000000 0.000000
0.000000 0.000000 0.000000
1.000000 0.000000 0.000000 0.000000
0.800000 0.800000 0.800000
0.500000
0.866025 0.000000 1 1 0.500000 0.500000 0.500000
-8.500000 1.500000 49.500000
0.000000 0.000000 0.000000
0.000000 0.000000 0.000000
1.000000 0.000000 0.000000 0.000000
0.800000 0.800000 0.800000
0.500000
0.866025 0.000000 1 1 0.500000 0.500000 0.500000
-8.500000 1.500000 48.500000
0.000000 0.000000 0.000000
0.000000 0.000000 0.000000
1.000000 0.000000 0.000000 0.000000
0.800000 0.800000 0.800000
0.500000
0.866025 0.000000 1 1 0.500000 0.500000 0.500000
-8.500000 1.500000 47.500000
0.000000 0.000000 0.000000
0.000000 0.000000 0.000000
1.000000 0.000000 0.000000 0.000000
0.800000 0.800000 0.800000
0.500000
0.866025 0.000000 1 1 0.500000 0.500000 0.500000
-8.500000 1.500000 46.500000
0.000000 0.000000 0.000000
0.000000 0.000000 0.000000
1.000000 0.000000 0.000000 0.000000
0.800000 0.800000 0.800000
0.500000
0.866025 0.000000 1 1 0.500000 0.500000 0.500000
-8.500000 1.500000 45.500000
0.000000 0.000000 0.000000
0.000000 0.000000 0.000000
1.000000 0.000000 0.000000 0.000000
0.800000 0.800000 0.800000
0.500000
0.866025 0.000000 1 1 0.500000 0.500000 0.500000
-8.500000 1.500000 44.500000
0.000000 0.000000 0.000000
0.000000 0.000000 0.000000
1.000000 0.000000 0.000000 0.000000
0.800000 0.800000 0.800000
0.500000
0.866025 0.000000 1 1 0.500000 0.500000 0.500000
-8.500000 1.500000 43.500000
0.000000 0.000000 0.000000
0.000000 0.000000 0.000000
1.000000 0.000000 0.000000 0.000000
0.800000 0.800000 0.800000
0.500000
0.866025 0.000000 1 1 0.500000 0.500000 0.500000
-8.500000 1.500000 42.500000
0.000000 0.000000 0.000000
0.000000 0.000000 0.000000
1.000000 0.000000 0.000000 0.000000
0.800000 0.800000 0.800000
0.500000
0.866025 0.000000 1 1 0.500000 0.500000 0.500000
-8.500000 1.500000 41.500000
0.000000 0.000000 0.000000
0.000000 0.000000 0.000000
1.000000 0.000000 0.000000 0.000000
0.800000 0.800000 0.800000
0.500000
0.866025 0.000000 1 1 0.500000 0.500000 0.500000
-7.500000 1.500000 41.500000
0.000000 0.000000 0.000000
0.000000 0.000000 0.000000
1.000000 0.000000 0.000000 0.000000
0.800000 0.800000 0.800000
0.500000
0.866025 0.000000 1 1 0.500000 0.500000 0.500000
-6.500000 1.500000 41.500000
0.000000 0.000000 0.000000
0.000000 0.000000 0.000000
1.000000 0.000000 0.000000 0.000000
0.800000 0.800000 0.800000
0.500000
0.866025 0.000000 1 1 0.500000 0.500000 0.500000
-5.500000 1.500000 41.500000
0.000000 0.000000 0.000000
0.000000 0.000000 0.000000
1.000000 0.000000 0.000000 0.000000
0.800000 0.800000 0.800000
0.500000
0.866025 0.000000 1 1 0.500000 0.500000 0.500000
-4.500000 1.500000 41.500000
0.000000 0.000000 0.000000
0.000000 0.000000 0.000000
1.000000 0.000000 0.000000 0.000000
0.800000 0.800000 0.800000
0.500000
0.866025 0.000000 1 1 0.500000 0.500000 0.500000
-3.500000 1.500000 41.500000
0.000000 0.000000 0.000000
0.000000 0.000000 0.000000
1.000000 0.000000 0.000000 0.000000
0.800000 0.800000 0.800000
0.500000
0.866025 0.000000 1 1 0.500000 0.500000 0.500000
-2.500000 1.500000 41.500000
0.000000 0.000000 0.000000
0.000000 0.000000 0.000000
1.000000 0.000000 0.000000 0.000000
0.800000 0.800000 0.800000
0.500000
0.866025 0.000000 1 1 0.500000 0.500000 0.500000
0.500000 2.500000 41.500000
0.000000 0.000000 0.000000
0.000000 0.000000 0.000000
1.000000 0.000000 0.000000 0.000000
0.800000 0.800000 0.800000
0.500000
0.866025 0.000000 1 1 0.500000 0.500000 0.500000
-0.500000 2.500000 41.500000
0.000000 0.000000 0.000000
0.000000 0.000000 0.000000
1.000000 0.000000 0.000000 0.000000
0.800000 0.800000 0.800000
0.500000
0.866025 0.000000 1 1 0.500000 0.500000 0.500000
-1.500000 2.500000 41.500000
0.000000 0.000000 0.000000
0.000000 0.000000 0.000000
1.000000 0.000000 0.000000 0.000000
0.800000 0.800000 0.800000
0.500000
0.866025 0.000000 1 1 0.500000 0.500000 0.500000
-2.500000 2.500000 41.500000
0.000000 0.000000 0.000000
0.000000 0.000000 0.000000
1.000000 0.000000 0.000000 0.000000
0.800000 0.800000 0.800000
0.500000
0.866025 0.000000 1 1 0.500000 0.500000 0.500000
-3.500000 2.500000 41.500000
0.000000 0.000000 0.000000
0.000000 0.000000 0.000000
1.000000 0.000000 0.000000 0.000000
0.800000 0.800000 0.800000
0.500000
0.866025 0.000000 1 1 0.500000 0.500000 0.500000
-4.500000 2.500000 41.500000
0.000000 0.000000 0.000000
0.000000 0.000000 0.000000
1.000000 0.000000 0.000000 0.000000
0.800000 0.800000 0.800000
0.500000
0.866025 0.000000 1 1 0.500000 0.500000 0.500000
-5.500000 2.500000 41.500000
0.000000 0.000000 0.000000
0.000000 0.000000 0.000000
1.000000 0.000000 0.000000 0.000000
0.800000 0.800000 0.800000
0.500000
0.866025 0.000000 1 1 0.500000 0.500000 0.500000
-6.500000 2.500000 41.500000
0.000000 0.000000 0.000000
0.000000 0.000000 0.000000
1.000000 0.000000 0.000000 0.000000
0.800000 0.800000 0.800000
0.500000
0.866025 0.000000 1 1 0.500000 0.500000 0.500000
-7.500000 2.500000 41.500000
0.000000 0.000000 0.000000
0.000000 0.000000 0.000000
1.000000 0.000000 0.000000 0.000000
0.800000 0.800000 0.800000
0.500000
0.866025 0.000000 1 1 0.500000 0.500000 0.500000
-8.500000 2.500000 41.500000
0.000000 0.000000 0.000000
0.000000 0.000000 0.000000
1.000000 0.000000 0.000000 0.000000
0.800000 0.800000 0.800000
0.500000
0.866025 0.000000 1 1 0.500000 0.500000 0.500000
-8.500000 2.500000 42.500000
0.000000 0.000000 0.000000
0.000000 0.000000 0.000000
1.000000 0.000000 0.000000 0.000000
0.800000 0.800000 0.800000
0.500000
0.866025 0.000000 1 1 0.500000 0.500000 0.500000
-8.500000 2.500000 43.500000
0.000000 0.000000 0.000000
0.000000 0.000000 0.000000
1.000000 0.000000 0.000000 0.000000
0.800000 0.800000 0.800000
0.500000
0.866025 0.000000 1 1 0.500000 0.500000 0.500000
-8.500000 2.500000 44.500000
0.000000 0.000000 0.000000
0.000000 0.000000 0.000000
1.000000 0.000000 0.000000 0.000000
0.800000 0.800000 0.800000
0.500000
0.866025 0.000000 1 1 0.500000 0.500000 0.500000
-8.500000 2.500000 45.500000
0.000000 0.000000 0.000000
0.000000 0.000000 0.000000
1.000000 0.000000 0.000000 0.000000
0.800000 0.800000 0.800000
0.500000
0.866025 0.000000 1 1 0.500000 0.500000 0.500000
-8.500000 2.500000 46.500000
0.000000 0.000000 0.000000
0.000000 0.000000 0.000000
1.000000 0.000000 0.000000 0.000000
0.800000 0.800000 0.800000
0.500000
0.866025 0.000000 1 1 0.500000 0.500000 0.500000
-8.500000 2.500000 47.500000
0.000000 0.000000 0.000000
0.000000 0.000000 0.000000
1.000000 0.000000 0.000000 0.000000
0.800000 0.800000 0.800000
0.500000
0.866025 0.000000 1 1 0.500000 0.500000 0.500000
-8.500000 2.500000 48.500000
0.000000 0.000000 0.000000
0.000000 0.000000 0.000000
1.000000 0.000000 0.000000 0.000000
0.800000 0.800000 0.800000
0.500000
0.866025 0.000000 1 1 0.500000 0.500000 0.500000
-8.500000 2.500000 49.500000
0.000000 0.000000 0.000000
0.000000 0.000000 0.000000
1.000000 0.000000 0.000000 0.000000
0.800000 0.800000 0.800000
0.500000
0.866025 0.000000 1 1 0.500000 0.500000 0.500000
-8.500000 2.500000 50.500000
0.000000 0.000000 0.000000
0.000000 0.000000 0.000000
1.000000 0.000000 0.000000 0.000000
0.800000 0.800000 0.800000
0.500000
0.866025 0.000000 1 1 0.500000 0.500000 0.500000
-8.500000 2.500000 51.500000
0.000000 0.000000 0.000000
0.000000 0.000000 0.000000
1.000000 0.000000 0.000000 0.000000
0.800000 0.800000 0.800000
0.500000
0.866025 0.000000 1 1 0.500000 0.500000 0.500000
-7.500000 2.500000 51.500000
0.000000 0.000000 0.000000
0.000000 0.000000 0.000000
1.000000 0.000000 0.000000 0.000000
0.800000 0.800000 0.800000
0.500000
0.866025 0.000000 1 1 0.500000 0.500000 0.500000
-6.500000 2.500000 51.500000
0.000000 0.000000 0.000000
0.000000 0.000000 0.000000
1.000000 0.000000 0.000000 0.000000
0.800000 0.800000 0.800000
0.500000
0.866025 0.000000 1 1 0.500000 0.500000 0.500000
-4.500000 1.500000 51.500000
0.000000 0.000000 0.000000
0.000000 0.000000 0.000000
1.000000 0.000000 0.000000 0.000000
0.800000 0.800000 0.800000
0.500000
0.866025 0.000000 1 1 0.500000 0.500000 0.500000
-5.500000 2.500000 51.500000
0.000000 0.000000 0.000000
0.000000 0.000000 0.000000
1.000000 0.000000 0.000000 0.000000
0.800000 0.800000 0.800000
0.500000
0.866025 0.000000 1 1 0.500000 0.500000 0.500000
-4.500000 2.500000 51.500000
0.000000 0.000000 0.000000
0.000000 0.000000 0.000000
1.000000 0.000000 0.000000 0.000000
0.800000 0.800000 0.800000
0.500000
0.866025 0.000000 1 1 0.500000 0.500000 0.500000
-3.500000 2.500000 51.500000
0.000000 0.000000 0.000000
0.000000 0.000000 0.000000
1.000000 0.000000 0.000000 0.000000
0.800000 0.800000 0.800000
0.500000
0.866025 0.000000 1 1 0.500000 0.500000 0.500000
-2.500000 2.500000 51.500000
0.000000 0.000000 0.000000
0.000000 0.000000 0.000000
1.000000 0.000000 0.000000 0.000000
0.800000 0.800000 0.800000
0.500000
0.866025 0.000000 1 1 0.500000 0.500000 0.500000
-1.500000 2.500000 51.500000
0.000000 0.000000 0.000000
0.000000 0.000000 0.000000
1.000000 0.000000 0.000000 0.000000
0.800000 0.800000 0.800000
0.500000
0.866025 0.000000 1 1 0.500000 0.500000 0.500000
-0.500000 2.500000 51.500000
0.000000 0.000000 0.000000
0.000000 0.000000 0.000000
1.000000 0.000000 0.000000 0.000000
0.800000 0.800000 0.800000
0.500000
0.866025 0.000000 1 1 0.500000 0.500000 0.500000
0.500000 2.500000 51.500000
0.000000 0.000000 0.000000
0.000000 0.000000 0.000000
1.000000 0.000000 0.000000 0.000000
0.800000 0.800000 0.800000
0.500000
0.866025 0.000000 1 1 0.500000 0.500000 0.500000
0.500000 2.500000 50.500000
0.000000 0.000000 0.000000
0.000000 0.000000 0.000000
1.000000 0.000000 0.000000 0.000000
0.800000 0.800000 0.800000
0.500000
0.866025 0.000000 1 1 0.500000 0.500000 0.500000
0.500000 2.500000 49.500000
0.000000 0.000000 0.000000
0.000000 0.000000 0.000000
1.000000 0.000000 0.000000 0.000000
0.800000 0.800000 0.800000
0.500000
0.866025 0.000000 1 1 0.500000 0.500000 0.500000
0.500000 2.500000 48.500000
0.000000 0.000000 0.000000
0.000000 0.000000 0.000000
1.000000 0.000000 0.000000 0.000000
0.800000 0.800000 0.800000
0.500000
0.866025 0.000000 1 1 0.500000 0.500000 0.500000
0.500000 2.500000 47.500000
0.000000 0.000000 0.000000
0.000000 0.000000 0.000000
1.000000 0.000000 0.000000 0.000000
0.800000 0.800000 0.800000
0.500000
0.866025 0.000000 1 1 0.500000 0.500000 0.500000
0.500000 2.500000 46.500000
0.000000 0.000000 0.000000
0.000000 0.000000 0.000000
1.000000 0.000000 0.000000 0.000000
0.800000 0.800000 0.800000
0.500000
0.866025 0.000000 1 1 0.500000 0.500000 0.500000
0.500000 1.500000 45.500000
0.000000 0.000000 0.000000
0.000000 0.000000 0.000000
1.000000 0.000000 0.000000 0.000000
0.800000 0.800000 0.800000
0.500000
0.866025 0.000000 1 1 0.500000 0.500000 0.500000
0.500000 1.500000 44.500000
0.000000 0.000000 0.000000
0.000000 0.000000 0.000000
1.000000 0.000000 0.000000 0.000000
0.800000 0.800000 0.800000
0.500000
0.866025 0.000000 1 1 0.500000 0.500000 0.500000
0.500000 1.500000 43.500000
0.000000 0.000000 0.000000
0.000000 0.000000 0.000000
1.000000 0.000000 0.000000 0.000000
0.800000 0.800000 0.800000
0.500000
0.866025 0.000000 1 1 0.500000 0.500000 0.500000
0.500000 1.500000 42.500000
0.000000 0.000000 0.000000
0.000000 0.000000 0.000000
1.000000 0.000000 0.000000 0.000000
0.800000 0.800000 0.800000
0.500000
0.866025 0.000000 1 1 0.500000 0.500000 0.500000
0.500000 2.500000 45.500000
0.000000 0.000000 0.000000
0.000000 0.000000 0.000000
1.000000 0.000000 0.000000 0.000000
0.800000 0.800000 0.800000
0.500000
0.866025 0.000000 1 1 0.500000 0.500000 0.500000
0.500000 2.500000 44.500000
0.000000 0.000000 0.000000
0.000000 0.000000 0.000000
1.000000 0.000000 0.000000 0.000000
0.800000 0.800000 0.800000
0.500000
0.866025 0.000000 1 1 0.500000 0.500000 0.500000
0.500000 2.500000 43.500000
0.000000 0.000000 0.000000
0.000000 0.000000 0.000000
1.000000 0.000000 0.000000 0.000000
0.800000 0.800000 0.800000
0.500000
0.866025 0.000000 1 1 0.500000 0.500000 0.500000
0.500000 2.500000 42.500000
0.000000 0.000000 0.000000
0.000000 0.000000 0.000000
1.000000 0.000000 0.000000 0.000000
0.800000 0.800000 0.800000
0.500000
0.866025 0.000000 1 1 0.500000 0.500000 0.500000
0.500000 3.500000 42.500000
0.000000 0.000000 0.000000
0.000000 0.000000 0.000000
1.000000 0.000000 0.000000 0.000000
0.800000 0.800000 0.800000
0.500000
0.866025 0.000000 1 1 0.500000 0.500000 0.500000
0.500000 3.500000 41.500000
0.000000 0.000000 0.000000
0.000000 0.000000 0.000000
1.000000 0.000000 0.000000 0.000000
0.800000 0.800000 0.800000
0.500000
0.866025 0.000000 1 1 0.500000 0.500000 0.500000
-0.500000 3.500000 41.500000
0.000000 0.000000 0.000000
0.000000 0.000000 0.000000
1.000000 0.000000 0.000000 0.000000
0.800000 0.800000 0.800000
0.500000
0.866025 0.000000 1 1 0.500000 0.500000 0.500000
-1.500000 3.500000 41.500000
0.000000 0.000000 0.000000
0.000000 0.000000 0.000000
1.000000 0.000000 0.000000 0.000000
0.800000 0.800000 0.800000
0.500000
0.866025 0.000000 1 1 0.500000 0.500000 0.500000
-2.500000 3.500000 41.500000
0.000000 0.000000 0.000000
0.000000 0.000000 0.000000
1.000000 0.000000 0.000000 0.000000
0.800000 0.800000 0.800000
0.500000
0.866025 0.000000 1 1 0.500000 0.500000 0.500000
-3.500000 3.500000 41.500000
0.000000 0.000000 0.000000
0.000000 0.000000 0.000000
1.000000 0.000000 0.000000 0.000000
0.800000 0.800000 0.800000
0.500000
0.866025 0.000000 1 1 0.500000 0.500000 0.500000
-4.500000 3.500000 41.500000
0.000000 0.000000 0.000000
0.000000 0.000000 0.000000
1.000000 0.000000 0.000000 0.000000
0.800000 0.800000 0.800000
0.500000
0.866025 0.000000 1 1 0.500000 0.500000 0.500000
-5.500000 3.500000 41.500000
0.000000 0.000000 0.000000
0.000000 0.000000 0.000000
1.000000 0.000000 0.000000 0.000000
0.800000 0.800000 0.800000
0.500000
0.866025 0.000000 1 1 0.500000 0.500000 0.500000
-6.500000 3.500000 41.500000
0.000000 0.000000 0.000000
0.000000 0.000000 0.000000
1.000000 0.000000 0.000000 0.000000
0.800000 0.800000 0.800000
0.500000
0.866025 0.000000 1 1 0.500000 0.500000 0.500000
-7.500000 3.500000 41.500000
0.000000 0.000000 0.000000
0.000000 0.000000 0.000000
1.000000 0.000000 0.000000 0.000000
0.800000 0.800000 0.800000
0.500000
0.866025 0.000000 1 1 0.500000 0.500000 0.500000
-8.500000 3.500000 41.500000
0.000000 0.000000 0.000000
0.000000 0.000000 0.000000
1.000000 0.000000 0.000000 0.000000
0.800000 0.800000 0.800000
0.500000
0.866025 0.000000 1 1 0.500000 0.500000 0.500000
-8.500000 3.500000 42.500000
0.000000 0.000000 0.000000
0.000000 0.000000 0.000000
1.000000 0.000000 0.000000 0.000000
0.800000 0.800000 0.800000
0.500000
0.866025 0.000000 1 1 0.500000 0.500000 0.500000
-8.500000 3.500000 43.500000
0.000000 0.000000 0.000000
0.000000 0.000000 0.000000
1.000000 0.000000 0.000000 0.000000
0.800000 0.800000 0.800000
0.500000
0.866025 0.000000 1 1 0.500000 0.500000 0.500000
-8.500000 3.500000 44.500000
0.000000 0.000000 0.000000
0.000000 0.000000 0.000000
1.000000 0.000000 0.000000 0.000000
0.800000 0.800000 0.800000
0.500000
0.866025 0.000000 1 1 0.500000 0.500000 0.500000
-8.500000 3.500000 45.500000
0.000000 0.000000 0.000000
0.000000 0.000000 0.000000
1.000000 0.000000 0.000000 0.000000
0.800000 0.800000 0.800000
0.500000
0.866025 0.000000 1 1 0.500000 0.500000 0.500000
-8.500000 3.500000 46.500000
0.000000 0.000000 0.000000
0.000000 0.000000 0.000000
1.000000 0.000000 0.000000 0.000000
0.800000 0.800000 0.800000
0.500000
0.866025 0.000000 1 1 0.500000 0.500000 0.500000
-8.500000 3.500000 47.500000
0.000000 0.000000 0.000000
0.000000 0.000000 0.000000
1.000000 0.000000 0.000000 0.000000
0.800000 0.800000 0.800000
0.500000
0.866025 0.000000 1 1 0.500000 0.500000 0.500000
-8.500000 3.500000 48.500000
0.000000 0.000000 0.000000
0.000000 0.000000 0.000000
1.000000 0.000000 0.000000 0.000000
0.800000 0.800000 0.800000
0.500000
0.866025 0.000000 1 1 0.500000 0.500000 0.500000
-8.500000 3.500000 49.500000
0.000000 0.000000 0.000000
0.000000 0.000000 0.000000
1.000000 0.000000 0.000000 0.000000
0.800000 0.800000 0.800000
0.500000
0.866025 0.000000 1 1 0.500000 0.500000 0.500000
-8.500000 3.500000 50.500000
0.000000 0.000000 0.000000
0.000000 0.000000 0.000000
1.000000 0.000000 0.000000 0.000000
0.800000 0.800000 0.800000
0.500000
0.866025 0.000000 1 1 0.500000 0.500000 0.500000
-8.500000 3.500000 51.500000
0.000000 0.000000 0.000000
0.000000 0.000000 0.000000
1.000000 0.000000 0.000000 0.000000
0.800000 0.800000 0.800000
0.500000
0.866025 0.000000 1 1 0.500000 0.500000 0.500000
-7.500000 3.500000 51.500000
0.000000 0.000000 0.000000
0.000000 0.000000 0.000000
1.000000 0.000000 0.000000 0.000000
0.800000 0.800000 0.800000
0.500000
0.866025 0.000000 1 1 0.500000 0.500000 0.500000
-6.500000 3.500000 51.500000
0.000000 0.000000 0.000000
0.000000 0.000000 0.000000
1.000000 0.000000 0.000000 0.000000
0.800000 0.800000 0.800000
0.500000
0.866025 0.000000 1 1 0.500000 0.500000 0.500000
-5.500000 3.500000 51.500000
0.000000 0.000000 0.000000
0.000000 0.000000 0.000000
1.000000 0.000000 0.000000 0.000000
0.800000 0.800000 0.800000
0.500000
0.866025 0.000000 1 1 0.500000 0.500000 0.500000
-3.500000 3.500000 51.500000
0.000000 0.000000 0.000000
0.000000 0.000000 0.000000
1.000000 0.000000 0.000000 0.000000
0.800000 0.800000 0.800000
0.500000
0.866025 0.000000 1 1 0.500000 0.500000 0.500000
-2.500000 3.500000 51.500000
0.000000 0.000000 0.000000
0.000000 0.000000 0.000000
1.000000 0.000000 0.000000 0.000000
0.800000 0.800000 0.800000
0.500000
0.866025 0.000000 1 1 0.500000 0.500000 0.500000
-1.500000 3.500000 51.500000
0.000000 0.000000 0.000000
0.000000 0.000000 0.000000
1.000000 0.000000 0.000000 0.000000
0.800000 0.800000 0.800000
0.500000
0.866025 0.000000 1 1 0.500000 0.500000 0.500000
-0.500000 3.500000 51.500000
0.000000 0.000000 0.000000
0.000000 0.000000 0.000000
1.000000 0.000000 0.000000 0.000000
0.800000 0.800000 0.800000
0.500000
0.866025 0.000000 1 1 0.500000 0.500000 0.500000
0.500000 3.500000 50.500000
0.000000 0.000000 0.000000
0.000000 0.000000 0.000000
1.000000 0.000000 0.000000 0.000000
0.800000 0.800000 0.800000
0.500000
0.866025 0.000000 1 1 0.500000 0.500000 0.500000
0.500000 3.500000 49.500000
0.000000 0.000000 0.000000
0.000000 0.000000 0.000000
1.000000 0.000000 0.000000 0.000000
0.800000 0.800000 0.800000
0.500000
0.866025 0.000000 1 1 0.500000 0.500000 0.500000
0.500000 3.500000 48.500000
0.000000 0.000000 0.000000
0.000000 0.000000 0.000000
1.000000 0.000000 0.000000 0.000000
0.800000 0.800000 0.800000
0.500000
0.866025 0.000000 1 1 0.500000 0.500000 0.500000
0.500000 3.500000 47.500000
0.000000 0.000000 0.000000
0.000000 0.000000 0.000000
1.000000 0.000000 0.000000 0.000000
0.800000 0.800000 0.800000
0.500000
0.866025 0.000000 1 1 0.500000 0.500000 0.500000
0.500000 3.500000 46.500000
0.000000 0.000000 0.000000
0.000000 0.000000 0.000000
1.000000 0.000000 0.000000 0.000000
0.800000 0.800000 0.800000
0.500000
0.866025 0.000000 1 1 0.500000 0.500000 0.500000
0.500000 3.500000 45.500000
0.000000 0.000000 0.000000
0.000000 0.000000 0.000000
1.000000 0.000000 0.000000 0.000000
0.800000 0.800000 0.800000
0.500000
0.866025 0.000000 1 1 0.500000 0.500000 0.500000
0.500000 3.500000 44.500000
0.000000 0.000000 0.000000
0.000000 0.000000 0.000000
1.000000 0.000000 0.000000 0.000000
0.800000 0.800000 0.800000
0.500000
0.866025 0.000000 1 1 0.500000 0.500000 0.500000
0.500000 3.500000 43.500000
0.000000 0.000000 0.000000
0.000000 0.000000 0.000000
1.000000 0.000000 0.000000 0.000000
0.800000 0.800000 0.800000
0.500000
0.866025 0.000000 1 1 0.500000 0.500000 0.500000
-0.500000 3.500000 42.500000
0.000000 0.000000 0.000000
0.000000 0.000000 0.000000
1.000000 0.000000 0.000000 0.000000
0.800000 0.800000 0.800000
0.500000
0.866025 0.000000 1 1 0.500000 0.500000 0.500000
-0.500000 3.500000 43.500000
0.000000 0.000000 0.000000
0.000000 0.000000 0.000000
1.000000 0.000000 0.000000 0.000000
0.800000 0.800000 0.800000
0.500000
0.866025 0.000000 1 1 0.500000 0.500000 0.500000
-0.500000 3.500000 45.500000
0.000000 0.000000 0.000000
0.000000 0.000000 0.000000
1.000000 0.000000 0.000000 0.000000
0.800000 0.800000 0.800000
0.500000
0.866025 0.000000 1 1 0.500000 0.500000 0.500000
-0.500000 3.500000 44.500000
0.000000 0.000000 0.000000
0.000000 0.000000 0.000000
1.000000 0.000000 0.000000 0.000000
0.800000 0.800000 0.800000
0.500000
0.866025 0.000000 1 1 0.500000 0.500000 0.500000
-0.500000 3.500000 50.500000
0.000000 0.000000 0.000000
0.000000 0.000000 0.000000
1.000000 0.000000 0.000000 0.000000
0.800000 0.800000 0.800000
0.500000
0.866025 0.000000 1 1 0.500000 0.500000 0.500000
-0.500000 3.500000 49.500000
0.000000 0.000000 0.000000
0.000000 0.000000 0.000000
1.000000 0.000000 0.000000 0.000000
0.800000 0.800000 0.800000
0.500000
0.866025 0.000000 1 1 0.500000 0.500000 0.500000
-0.500000 3.500000 48.500000
0.000000 0.000000 0.000000
0.000000 0.000000 0.000000
1.000000 0.000000 0.000000 0.000000
0.800000 0.800000 0.800000
0.500000
0.866025 0.000000 1 1 0.500000 0.500000 0.500000
-0.500000 3.500000 47.500000
0.000000 0.000000 0.000000
0.000000 0.000000 0.000000
1.000000 0.000000 0.000000 0.000000
0.800000 0.800000 0.800000
0.500000
0.866025 0.000000 1 1 0.500000 0.500000 0.500000
-0.500000 3.500000 46.500000
0.000000 0.000000 0.000000
0.000000 0.000000 0.000000
1.000000 0.000000 0.000000 0.000000
0.800000 0.800000 0.800000
0.500000
0.866025 0.000000 1 1 0.500000 0.500000 0.500000
-1.500000 3.500000 50.500000
0.000000 0.000000 0.000000
0.000000 0.000000 0.000000
1.000000 0.000000 0.000000 0.000000
0.800000 0.800000 0.800000
0.500000
0.866025 0.000000 1 1 0.500000 0.500000 0.500000
-1.500000 3.500000 49.500000
0.000000 0.000000 0.000000
0.000000 0.000000 0.000000
1.000000 0.000000 0.000000 0.000000
0.800000 0.800000 0.800000
0.500000
0.866025 0.000000 1 1 0.500000 0.500000 0.500000
-1.500000 3.500000 48.500000
0.000000 0.000000 0.000000
0.000000 0.000000 0.000000
1.000000 0.000000 0.000000 0.000000
0.800000 0.800000 0.800000
0.500000
0.866025 0.000000 1 1 0.500000 0.500000 0.500000
-1.500000 3.500000 47.500000
0.000000 0.000000 0.000000
0.000000 0.000000 0.000000
1.000000 0.000000 0.000000 0.000000
0.800000 0.800000 0.800000
0.500000
0.866025 0.000000 1 1 0.500000 0.500000 0.500000
-1.500000 3.500000 46.500000
0.000000 0.000000 0.000000
0.000000 0.000000 0.000000
1.000000 0.000000 0.000000 0.000000
0.800000 0.800000 0.800000
0.500000
0.866025 0.000000 1 1 0.500000 0.500000 0.500000
-1.500000 3.500000 45.500000
0.000000 0.000000 0.000000
0.000000 0.000000 0.000000
1.000000 0.000000 0.000000 0.000000
0.800000 0.800000 0.800000
0.500000
0.866025 0.000000 1 1 0.500000 0.500000 0.500000
-1.500000 3.500000 44.500000
0.000000 0.000000 0.000000
0.000000 0.000000 0.000000
1.000000 0.000000 0.000000 0.000000
0.800000 0.800000 0.800000
0.500000
0.866025 0.000000 1 1 0.500000 0.500000 0.500000
-1.500000 3.500000 43.500000
0.000000 0.000000 0.000000
0.000000 0.000000 0.000000
1.000000 0.000000 0.000000 0.000000
0.800000 0.800000 0.800000
0.500000
0.866025 0.000000 1 1 0.500000 0.500000 0.500000
-1.500000 3.500000 42.500000
0.000000 0.000000 0.000000
0.000000 0.000000 0.000000
1.000000 0.000000 0.000000 0.000000
0.800000 0.800000 0.800000
0.500000
0.866025 0.000000 1 1 0.500000 0.500000 0.500000
-2.500000 3.500000 50.500000
0.000000 0.000000 0.000000
0.000000 0.000000 0.000000
1.000000 0.000000 0.000000 0.000000
0.800000 0.800000 0.800000
0.500000
0.866025 0.000000 1 1 0.500000 0.500000 0.500000
-2.500000 3.500000 49.500000
0.000000 0.000000 0.000000
0.000000 0.000000 0.000000
1.000000 0.000000 0.000000 0.000000
0.800000 0.800000 0.800000
0.500000
0.866025 0.000000 1 1 0.500000 0.500000 0.500000
-2.500000 3.500000 48.500000
0.000000 0.000000 0.000000
0.000000 0.000000 0.000000
1.000000 0.000000 0.000000 0.000000
0.800000 0.800000 0.800000
0.500000
0.866025 0.000000 1 1 0.500000 0.500000 0.500000
-2.500000 3.500000 47.500000
0.000000 0.000000 0.000000
0.000000 0.000000 0.000000
1.000000 0.000000 0.000000 0.000000
0.800000 0.800000 0.800000
0.500000
0.866025 0.000000 1 1 0.500000 0.500000 0.500000
-2.500000 3.500000 46.500000
0.000000 0.000000 0.000000
0.000000 0.000000 0.000000
1.000000 0.000000 0.000000 0.000000
0.800000 0.800000 0.800000
0.500000
0.866025 0.000000 1 1 0.500000 0.500000 0.500000
-2.500000 3.500000 45.500000
0.000000 0.000000 0.000000
0.000000 0.000000 0.000000
1.000000 0.000000 0.000000 0.000000
0.800000 0.800000 0.800000
0.500000
0.866025 0.000000 1 1 0.500000 0.500000 0.500000
-2.500000 3.500000 44.500000
0.000000 0.000000 0.000000
0.000000 0.000000 0.000000
1.000000 0.000000 0.000000 0.000000
0.800000 0.800000 0.800000
0.500000
0.866025 0.000000 1 1 0.500000 0.500000 0.500000
-2.500000 3.500000 43.500000
0.000000 0.000000 0.000000
0.000000 0.000000 0.000000
1.000000 0.000000 0.000000 0.000000
0.800000 0.800000 0.800000
0.500000
0.866025 0.000000 1 1 0.500000 0.500000 0.500000
-2.500000 3.500000 42.500000
0.000000 0.000000 0.000000
0.000000 0.000000 0.000000
1.000000 0.000000 0.000000 0.000000
0.800000 0.800000 0.800000
0.500000
0.866025 0.000000 1 1 0.500000 0.500000 0.500000
-3.500000 3.500000 50.500000
0.000000 0.000000 0.000000
0.000000 0.000000 0.000000
1.000000 0.000000 0.000000 0.000000
0.800000 0.800000 0.800000
0.500000
0.866025 0.000000 1 1 0.500000 0.500000 0.500000
-3.500000 3.500000 49.500000
0.000000 0.000000 0.000000
0.000000 0.000000 0.000000
1.000000 0.000000 0.000000 0.000000
0.800000 0.800000 0.800000
0.500000
0.866025 0.000000 1 1 0.500000 0.500000 0.500000
-3.500000 3.500000 48.500000
0.000000 0.000000 0.000000
0.000000 0.000000 0.000000
1.000000 0.000000 0.000000 0.000000
0.800000 0.800000 0.800000
0.500000
0.866025 0.000000 1 1 0.500000 0.500000 0.500000
-3.500000 3.500000 47.500000
0.000000 0.000000 0.000000
0.000000 0.000000 0.000000
1.000000 0.000000 0.000000 0.000000
0.800000 0.800000 0.800000
0.500000
0.866025 0.000000 1 1 0.500000 0.500000 0.500000
-3.500000 3.500000 46.500000
0.000000 0.000000 0.000000
0.000000 0.000000 0.000000
1.000000 0.000000 0.000000 0.000000
0.800000 0.800000 0.800000
0.500000
0.866025 0.000000 1 1 0.500000 0.500000 0.500000
-3.500000 3.500000 45.500000
0.000000 0.000000 0.000000
0.000000 0.000000 0.000000
1.000000 0.000000 0.000000 0.000000
0.800000 0.800000 0.800000
0.500000
0.866025 0.000000 1 1 0.500000 0.500000 0.500000
-3.500000 3.500000 44.500000
0.000000 0.000000 0.000000
0.000000 0.000000 0.000000
1.000000 0.000000 0.000000 0.000000
0.800000 0.800000 0.800000
0.500000
0.866025 0.000000 1 1 0.500000 0.500000 0.500000
-3.500000 3.500000 43.500000
0.000000 0.000000 0.000000
0.000000 0.000000 0.000000
1.000000 0.000000 0.000000 0.000000
0.800000 0.800000 0.800000
0.500000
0.866025 0.000000 1 1 0.500000 0.500000 0.500000
-3.500000 3.500000 42.500000
0.000000 0.000000 0.000000
0.000000 0.000000 0.000000
1.000000 0.000000 0.000000 0.000000
0.800000 0.800000 0.800000
0.500000
0.866025 0.000000 1 1 0.500000 0.500000 0.500000
-7.500000 3.500000 42.500000
0.000000 0.000000 0.000000
0.000000 0.000000 0.000000
1.000000 0.000000 0.000000 0.000000
0.800000 0.800000 0.800000
0.500000
0.866025 0.000000 1 1 0.500000 0.500000 0.500000
-7.500000 3.500000 43.500000
0.000000 0.000000 0.000000
0.000000 0.000000 0.000000
1.000000 0.000000 0.000000 0.000000
0.800000 0.800000 0.800000
0.500000
0.866025 0.000000 1 1 0.500000 0.500000 0.500000
-7.500000 3.500000 44.500000
0.000000 0.000000 0.000000
0.000000 0.000000 0.000000
1.000000 0.000000 0.000000 0.000000
0.800000 0.800000 0.800000
0.500000
0.866025 0.000000 1 1 0.500000 0.500000 0.500000
-7.500000 3.500000 46.500000
0.000000 0.000000 0.000000
0.000000 0.000000 0.000000
1.000000 0.000000 0.000000 0.000000
0.800000 0.800000 0.800000
0.500000
0.866025 0.000000 1 1 0.500000 0.500000 0.500000
-7.500000 3.500000 47.500000
0.000000 0.000000 0.000000
0.000000 0.000000 0.000000
1.000000 0.000000 0.000000 0.000000
0.800000 0.800000 0.800000
0.500000
0.866025 0.000000 1 1 0.500000 0.500000 0.500000
-6.500000 3.500000 47.500000
0.000000 0.000000 0.000000
0.000000 0.000000 0.000000
1.000000 0.000000 0.000000 0.000000
0.800000 0.800000 0.800000
0.500000
0.866025 0.000000 1 1 0.500000 0.500000 0.500000
-7.500000 3.500000 48.500000
0.000000 0.000000 0.000000
0.000000 0.000000 0.000000
1.000000 0.000000 0.000000 0.000000
0.800000 0.800000 0.800000
0.500000
0.866025 0.000000 1 1 0.500000 0.500000 0.500000
-6.500000 3.500000 48.500000
0.000000 0.000000 0.000000
0.000000 0.000000 0.000000
1.000000 0.000000 0.000000 0.000000
0.800000 0.800000 0.800000
0.500000
0.866025 0.000000 1 1 0.500000 0.500000 0.500000
-7.500000 3.500000 49.500000
0.000000 0.000000 0.000000
0.000000 0.000000 0.000000
1.000000 0.000000 0.000000 0.000000
0.800000 0.800000 0.800000
0.500000
0.866025 0.000000 1 1 0.500000 0.500000 0.500000
-7.500000 3.500000 50.500000
0.000000 0.000000 0.000000
0.000000 0.000000 0.000000
1.000000 0.000000 0.000000 0.000000
0.800000 0.800000 0.800000
0.500000
0.866025 0.000000 1 1 0.500000 0.500000 0.500000
-6.500000 3.500000 50.500000
0.000000 0.000000 0.000000
0.000000 0.000000 0.000000
1.000000 0.000000 0.000000 0.000000
0.800000 0.800000 0.800000
0.500000
0.866025 0.000000 1 1 0.500000 0.500000 0.500000
-6.500000 3.500000 49.500000
0.000000 0.000000 0.000000
0.000000 0.000000 0.000000
1.000000 0.000000 0.000000 0.000000
0.800000 0.800000 0.800000
0.500000
0.866025 0.000000 1 1 0.500000 0.500000 0.500000
-5.500000 3.500000 50.500000
0.000000 0.000000 0.000000
0.000000 0.000000 0.000000
1.000000 0.000000 0.000000 0.000000
0.800000 0.800000 0.800000
0.500000
0.866025 0.000000 1 1 0.500000 0.500000 0.500000
-4.500000 3.500000 50.500000
0.000000 0.000000 0.000000
0.000000 0.000000 0.000000
1.000000 0.000000 0.000000 0.000000
0.800000 0.800000 0.800000
0.500000
0.866025 0.000000 1 1 0.500000 0.500000 0.500000
-5.500000 3.500000 49.500000
0.000000 0.000000 0.000000
0.000000 0.000000 0.000000
1.000000 0.000000 0.000000 0.000000
0.800000 0.800000 0.800000
0.500000
0.866025 0.000000 1 1 0.500000 0.500000 0.500000
-5.500000 3.500000 48.500000
0.000000 0.000000 0.000000
0.000000 0.000000 0.000000
1.000000 0.000000 0.000000 0.000000
0.800000 0.800000 0.800000
0.500000
0.866025 0.000000 1 1 0.500000 0.500000 0.500000
-4.500000 3.500000 49.500000
0.000000 0.000000 0.000000
0.000000 0.000000 0.000000
1.000000 0.000000 0.000000 0.000000
0.800000 0.800000 0.800000
0.500000
0.866025 0.000000 1 1 0.500000 0.500000 0.500000
-4.500000 3.500000 48.500000
0.000000 0.000000 0.000000
0.000000 0.000000 0.000000
1.000000 0.000000 0.000000 0.000000
0.800000 0.800000 0.800000
0.500000
0.866025 0.000000 1 1 0.500000 0.500000 0.500000
-5.500000 3.500000 47.500000
0.000000 0.000000 0.000000
0.000000 0.000000 0.000000
1.000000 0.000000 0.000000 0.000000
0.800000 0.800000 0.800000
0.500000
0.866025 0.000000 1 1 0.500000 0.500000 0.500000
-4.500000 3.500000 47.500000
0.000000 0.000000 0.000000
0.000000 0.000000 0.000000
1.000000 0.000000 0.000000 0.000000
0.800000 0.800000 0.800000
0.500000
0.866025 0.000000 1 1 0.500000 0.500000 0.500000
-6.500000 3.500000 46.500000
0.000000 0.000000 0.000000
0.000000 0.000000 0.000000
1.000000 0.000000 0.000000 0.000000
0.800000 0.800000 0.800000
0.500000
0.866025 0.000000 1 1 0.500000 0.500000 0.500000
-5.500000 3.500000 46.500000
0.000000 0.000000 0.000000
0.000000 0.000000 0.000000
1.000000 0.000000 0.000000 0.000000
0.800000 0.800000 0.800000
0.500000
0.866025 0.000000 1 1 0.500000 0.500000 0.500000
-4.500000 3.500000 46.500000
0.000000 0.000000 0.000000
0.000000 0.000000 0.000000
1.000000 0.000000 0.000000 0.000000
0.800000 0.800000 0.800000
0.500000
0.866025 0.000000 1 1 0.500000 0.500000 0.500000
-7.500000 3.500000 45.500000
0.000000 0.000000 0.000000
0.000000 0.000000 0.000000
1.000000 0.000000 0.000000 0.000000
0.800000 0.800000 0.800000
0.500000
0.866025 0.000000 1 1 0.500000 0.500000 0.500000
-6.500000 3.500000 45.500000
0.000000 0.000000 0.000000
0.000000 0.000000 0.000000
1.000000 0.000000 0.000000 0.000000
0.800000 0.800000 0.800000
0.500000
0.866025 0.000000 1 1 0.500000 0.500000 0.500000
-5.500000 3.500000 45.500000
0.000000 0.000000 0.000000
0.000000 0.000000 0.000000
1.000000 0.000000 0.000000 0.000000
0.800000 0.800000 0.800000
0.500000
0.866025 0.000000 1 1 0.500000 0.500000 0.500000
-4.500000 3.500000 45.500000
0.000000 0.000000 0.000000
0.000000 0.000000 0.000000
1.000000 0.000000 0.000000 0.000000
0.800000 0.800000 0.800000
0.500000
0.866025 0.000000 1 1 0.500000 0.500000 0.500000
-6.500000 3.500000 44.500000
0.000000 0.000000 0.000000
0.000000 0.000000 0.000000
1.000000 0.000000 0.000000 0.000000
0.800000 0.800000 0.800000
0.500000
0.866025 0.000000 1 1 0.500000 0.500000 0.500000
-5.500000 3.500000 44.500000
0.000000 0.000000 0.000000
0.000000 0.000000 0.000000
1.000000 0.000000 0.000000 0.000000
0.800000 0.800000 0.800000
0.500000
0.866025 0.000000 1 1 0.500000 0.500000 0.500000
-4.500000 3.500000 44.500000
0.000000 0.000000 0.000000
0.000000 0.000000 0.000000
1.000000 0.000000 0.000000 0.000000
0.800000 0.800000 0.800000
0.500000
0.866025 0.000000 1 1 0.500000 0.500000 0.500000
-6.500000 3.500000 43.500000
0.000000 0.000000 0.000000
0.000000 0.000000 0.000000
1.000000 0.000000 0.000000 0.000000
0.800000 0.800000 0.800000
0.500000
0.866025 0.000000 1 1 0.500000 0.500000 0.500000
-5.500000 3.500000 43.500000
0.000000 0.000000 0.000000
0.000000 0.000000 0.000000
1.000000 0.000000 0.000000 0.000000
0.800000 0.800000 0.800000
0.500000
0.866025 0.000000 1 1 0.500000 0.500000 0.500000
-4.500000 3.500000 43.500000
0.000000 0.000000 0.000000
0.000000 0.000000 0.000000
1.000000 0.000000 0.000000 0.000000
0.800000 0.800000 0.800000
0.500000
0.866025 0.000000 1 1 0.500000 0.500000 0.500000
-6.500000 3.500000 42.500000
0.000000 0.000000 0.000000
0.000000 0.000000 0.000000
1.000000 0.000000 0.000000 0.000000
0.800000 0.800000 0.800000
0.500000
0.866025 0.000000 1 1 0.500000 0.500000 0.500000
-5.500000 3.500000 42.500000
0.000000 0.000000 0.000000
0.000000 0.000000 0.000000
1.000000 0.000000 0.000000 0.000000
0.800000 0.800000 0.800000
0.500000
0.866025 0.000000 1 1 0.500000 0.500000 0.500000
-4.500000 3.500000 42.500000
0.000000 0.000000 0.000000
0.000000 0.000000 0.000000
1.000000 0.000000 0.000000 0.000000
0.800000 0.800000 0.800000
0.500000
0.866025 0.000000 1 1 0.500000 0.500000 0.500000
0.500000 3.500000 51.500000
0.000000 0.000000 0.000000
0.000000 0.000000 0.000000
1.000000 0.000000 0.000000 0.000000
0.800000 0.800000 0.800000
0.500000
0.866025 0.000000 1 1 0.500000 0.500000 0.500000
0.500000 4.500000 51.500000
0.000000 0.000000 0.000000
0.000000 0.000000 0.000000
1.000000 0.000000 0.000000 0.000000
0.800000 0.800000 0.800000
0.500000
0.866025 0.000000 1 1 0.500000 0.500000 0.500000
0.500000 5.500000 51.500000
0.000000 0.000000 0.000000
0.000000 0.000000 0.000000
1.000000 0.000000 0.000000 0.000000
0.800000 0.800000 0.800000
0.500000
0.866025 0.000000 1 1 0.500000 0.500000 0.500000
0.500000 6.500000 51.500000
0.000000 0.000000 0.000000
0.000000 0.000000 0.000000
1.000000 0.000000 0.000000 0.000000
0.800000 0.800000 0.800000
0.500000
0.866025 0.000000 1 1 0.500000 0.500000 0.500000
0.500000 7.500000 51.500000
0.000000 0.000000 0.000000
0.000000 0.000000 0.000000
1.000000 0.000000 0.000000 0.000000
0.800000 0.800000 0.800000
0.500000
0.866025 0.000000 1 1 0.500000 0.500000 0.500000
0.500000 7.500000 50.500000
0.000000 0.000000 0.000000
0.000000 0.000000 0.000000
1.000000 0.000000 0.000000 0.000000
0.800000 0.800000 0.800000
0.500000
0.866025 0.000000 1 1 0.500000 0.500000 0.500000
0.500000 7.500000 49.500000
0.000000 0.000000 0.000000
0.000000 0.000000 0.000000
1.000000 0.000000 0.000000 0.000000
0.800000 0.800000 0.800000
0.500000
0.866025 0.000000 1 1 0.500000 0.500000 0.500000
0.500000 7.500000 48.500000
0.000000 0.000000 0.000000
0.000000 0.000000 0.000000
1.000000 0.000000 0.000000 0.000000
0.800000 0.800000 0.800000
0.500000
0.866025 0.000000 1 1 0.500000 0.500000 0.500000
0.500000 7.500000 47.500000
0.000000 0.000000 0.000000
0.000000 0.000000 0.000000
1.000000 0.000000 0.000000 0.000000
0.800000 0.800000 0.800000
0.500000
0.866025 0.000000 1 1 0.500000 0.500000 0.500000
0.500000 7.500000 46.500000
0.000000 0.000000 0.000000
0.000000 0.000000 0.000000
1.000000 0.000000 0.000000 0.000000
0.800000 0.800000 0.800000
0.500000
0.866025 0.000000 1 1 0.500000 0.500000 0.500000
0.500000 4.500000 41.500000
0.000000 0.000000 0.000000
0.000000 0.000000 0.000000
1.000000 0.000000 0.000000 0.000000
0.800000 0.800000 0.800000
0.500000
0.866025 0.000000 1 1 0.500000 0.500000 0.500000
0.500000 5.500000 41.500000
0.000000 0.000000 0.000000
0.000000 0.000000 0.000000
1.000000 0.000000 0.000000 0.000000
0.800000 0.800000 0.800000
0.500000
0.866025 0.000000 1 1 0.500000 0.500000 0.500000
0.500000 6.500000 41.500000
0.000000 0.000000 0.000000
0.000000 0.000000 0.000000
1.000000 0.000000 0.000000 0.000000
0.800000 0.800000 0.800000
0.500000
0.866025 0.000000 1 1 0.500000 0.500000 0.500000
0.500000 7.500000 45.500000
0.000000 0.000000 0.000000
0.000000 0.000000 0.000000
1.000000 0.000000 0.000000 0.000000
0.800000 0.800000 0.800000
0.500000
0.866025 0.000000 1 1 0.500000 0.500000 0.500000
0.500000 7.500000 44.500000
0.000000 0.000000 0.000000
0.000000 0.000000 0.000000
1.000000 0.000000 0.000000 0.000000
0.800000 0.800000 0.800000
0.500000
0.866025 0.000000 1 1 0.500000 0.500000 0.500000
0.500000 7.500000 43.500000
0.000000 0.000000 0.000000
0.000000 0.000000 0.000000
1.000000 0.000000 0.000000 0.000000
0.800000 0.800000 0.800000
0.500000
0.866025 0.000000 1 1 0.500000 0.500000 0.500000
0.500000 7.500000 42.500000
0.000000 0.000000 0.000000
0.000000 0.000000 0.000000
1.000000 0.000000 0.000000 0.000000
0.800000 0.800000 0.800000
0.500000
0.866025 0.000000 1 1 0.500000 0.500000 0.500000
0.500000 7.500000 41.500000
0.000000 0.000000 0.000000
0.000000 0.000000 0.000000
1.000000 0.000000 0.000000 0.000000
0.800000 0.800000 0.800000
0.500000
0.866025 0.000000 1 1 0.500000 0.500000 0.500000
-0.500000 7.500000 41.500000
0.000000 0.000000 0.000000
0.000000 0.000000 0.000000
1.000000 0.000000 0.000000 0.000000
0.800000 0.800000 0.800000
0.500000
0.866025 0.000000 1 1 0.500000 0.500000 0.500000
-1.500000 7.500000 41.500000
0.000000 0.000000 0.000000
0.000000 0.000000 0.000000
1.000000 0.000000 0.000000 0.000000
0.800000 0.800000 0.800000
0.500000
0.866025 0.000000 1 1 0.500000 0.500000 0.500000
-2.500000 7.500000 41.500000
0.000000 0.000000 0.000000
0.000000 0.000000 0.000000
1.000000 0.000000 0.000000 0.000000
0.800000 0.800000 0.800000
0.500000
0.866025 0.000000 1 1 0.500000 0.500000 0.500000
-3.500000 7.500000 41.500000
0.000000 0.000000 0.000000
0.000000 0.000000 0.000000
1.000000 0.000000 0.000000 0.000000
0.800000 0.800000 0.800000
0.500000
0.866025 0.000000 1 1 0.500000 0.500000 0.500000
-4.500000 7.500000 41.500000
0.000000 0.000000 0.000000
0.000000 0.000000 0.000000
1.000000 0.000000 0.000000 0.000000
0.800000 0.800000 0.800000
0.500000
0.866025 0.000000 1 1 0.500000 0.500000 0.500000
-5.500000 7.500000 41.500000
0.000000 0.000000 0.000000
0.000000 0.000000 0.000000
1.000000 0.000000 0.000000 0.000000
0.800000 0.800000 0.800000
0.500000
0.866025 0.000000 1 1 0.500000 0.500000 0.500000
-6.500000 7.500000 41.500000
0.000000 0.000000 0.000000
0.000000 0.000000 0.000000
1.000000 0.000000 0.000000 0.000000
0.800000 0.800000 0.800000
0.500000
0.866025 0.000000 1 1 0.500000 0.500000 0.500000
-7.500000 7.500000 41.500000
0.000000 0.000000 0.000000
0.000000 0.000000 0.000000
1.000000 0.000000 0.000000 0.000000
0.800000 0.800000 0.800000
0.500000
0.866025 0.000000 1 1 0.500000 0.500000 0.500000
-8.500000 7.500000 41.500000
0.000000 0.000000 0.000000
0.000000 0.000000 0.000000
1.000000 0.000000 0.000000 0.000000
0.800000 0.800000 0.800000
0.500000
0.866025 0.000000 1 1 0.500000 0.500000 0.500000
-8.500000 4.500000 41.500000
0.000000 0.000000 0.000000
0.000000 0.000000 0.000000
1.000000 0.000000 0.000000 0.000000
0.800000 0.800000 0.800000
0.500000
0.866025 0.000000 1 1 0.500000 0.500000 0.500000
-8.500000 4.500000 42.500000
0.000000 0.000000 0.000000
0.000000 0.000000 0.000000
1.000000 0.000000 0.000000 0.000000
0.800000 0.800000 0.800000
0.500000
0.866025 0.000000 1 1 0.500000 0.500000 0.500000
-8.500000 5.500000 41.500000
0.000000 0.000000 0.000000
0.000000 0.000000 0.000000
1.000000 0.000000 0.000000 0.000000
0.800000 0.800000 0.800000
0.500000
0.866025 0.000000 1 1 0.500000 0.500000 0.500000
-8.500000 6.500000 41.500000
0.000000 0.000000 0.000000
0.000000 0.000000 0.000000
1.000000 0.000000 0.000000 0.000000
0.800000 0.800000 0.800000
0.500000
0.866025 0.000000 1 1 0.500000 0.500000 0.500000
-8.500000 7.500000 42.500000
0.000000 0.000000 0.000000
0.000000 0.000000 0.000000
1.000000 0.000000 0.000000 0.000000
0.800000 0.800000 0.800000
0.500000
0.866025 0.000000 1 1 0.500000 0.500000 0.500000
-8.500000 7.500000 43.500000
0.000000 0.000000 0.000000
0.000000 0.000000 0.000000
1.000000 0.000000 0.000000 0.000000
0.800000 0.800000 0.800000
0.500000
0.866025 0.000000 1 1 0.500000 0.500000 0.500000
-8.500000 7.500000 44.500000
0.000000 0.000000 0.000000
0.000000 0.000000 0.000000
1.000000 0.000000 0.000000 0.000000
0.800000 0.800000 0.800000
0.500000
0.866025 0.000000 1 1 0.500000 0.500000 0.500000
-8.500000 7.500000 45.500000
0.000000 0.000000 0.000000
0.000000 0.000000 0.000000
1.000000 0.000000 0.000000 0.000000
0.800000 0.800000 0.800000
0.500000
0.866025 0.000000 1 1 0.500000 0.500000 0.500000
-8.500000 7.500000 46.500000
0.000000 0.000000 0.000000
0.000000 0.000000 0.000000
1.000000 0.000000 0.000000 0.000000
0.800000 0.800000 0.800000
0.500000
0.866025 0.000000 1 1 0.500000 0.500000 0.500000
-8.500000 7.500000 47.500000
0.000000 0.000000 0.000000
0.000000 0.000000 0.000000
1.000000 0.000000 0.000000 0.000000
0.800000 0.800000 0.800000
0.500000
0.866025 0.000000 1 1 0.500000 0.500000 0.500000
-8.500000 4.500000 51.500000
0.000000 0.000000 0.000000
0.000000 0.000000 0.000000
1.000000 0.000000 0.000000 0.000000
0.800000 0.800000 0.800000
0.500000
0.866025 0.000000 1 1 0.500000 0.500000 0.500000
-8.500000 5.500000 51.500000
0.000000 0.000000 0.000000
0.000000 0.000000 0.000000
1.000000 0.000000 0.000000 0.000000
0.800000 0.800000 0.800000
0.500000
0.866025 0.000000 1 1 0.500000 0.500000 0.500000
-8.500000 6.500000 51.500000
0.000000 0.000000 0.000000
0.000000 0.000000 0.000000
1.000000 0.000000 0.000000 0.000000
0.800000 0.800000 0.800000
0.500000
0.866025 0.000000 1 1 0.500000 0.500000 0.500000
-8.500000 7.500000 48.500000
0.000000 0.000000 0.000000
0.000000 0.000000 0.000000
1.000000 0.000000 0.000000 0.000000
0.800000 0.800000 0.800000
0.500000
0.866025 0.000000 1 1 0.500000 0.500000 0.500000
-8.500000 7.500000 49.500000
0.000000 0.000000 0.000000
0.000000 0.000000 0.000000
1.000000 0.000000 0.000000 0.000000
0.800000 0.800000 0.800000
0.500000
0.866025 0.000000 1 1 0.500000 0.500000 0.500000
-8.500000 7.500000 50.500000
0.000000 0.000000 0.000000
0.000000 0.000000 0.000000
1.000000 0.000000 0.000000 0.000000
0.800000 0.800000 0.800000
0.500000
0.866025 0.000000 1 1 0.500000 0.500000 0.500000
-8.500000 7.500000 51.500000
0.000000 0.000000 0.000000
0.000000 0.000000 0.000000
1.000000 0.000000 0.000000 0.000000
0.800000 0.800000 0.800000
0.500000
0.866025 0.000000 1 1 0.500000 0.500000 0.500000
-7.500000 7.500000 51.500000
0.000000 0.000000 0.000000
0.000000 0.000000 0.000000
1.000000 0.000000 0.000000 0.000000
0.800000 0.800000 0.800000
0.500000
0.866025 0.000000 1 1 0.500000 0.500000 0.500000
-6.500000 7.500000 51.500000
0.000000 0.000000 0.000000
0.000000 0.000000 0.000000
1.000000 0.000000 0.000000 0.000000
0.800000 0.800000 0.800000
0.500000
0.866025 0.000000 1 1 0.500000 0.500000 0.500000
-5.500000 7.500000 51.500000
0.000000 0.000000 0.000000
0.000000 0.000000 0.000000
1.000000 0.000000 0.000000 0.000000
0.800000 0.800000 0.800000
0.500000
0.866025 0.000000 1 1 0.500000 0.500000 0.500000
-4.500000 7.500000 51.500000
0.000000 0.000000 0.000000
0.000000 0.000000 0.000000
1.000000 0.000000 0.000000 0.000000
0.800000 0.800000 0.800000
0.500000
0.866025 0.000000 1 1 0.500000 0.500000 0.500000
-3.500000 7.500000 51.500000
0.000000 0.000000 0.000000
0.000000 0.000000 0.000000
1.000000 0.000000 0.000000 0.000000
0.800000 0.800000 0.800000
0.500000
0.866025 0.000000 1 1 0.500000 0.500000 0.500000
-0.500000 7.500000 51.500000
0.000000 0.000000 0.000000
0.000000 0.000000 0.000000
1.000000 0.000000 0.000000 0.000000
0.800000 0.800000 0.800000
0.500000
0.866025 0.000000 1 1 0.500000 0.500000 0.500000
-2.500000 7.500000 51.500000
0.000000 0.000000 0.000000
0.000000 0.000000 0.000000
1.000000 0.000000 0.000000 0.000000
0.800000 0.800000 0.800000
0.500000
0.866025 0.000000 1 1 0.500000 0.500000 0.500000
-1.500000 7.500000 51.500000
0.000000 0.000000 0.000000
0.000000 0.000000 0.000000
1.000000 0.000000 0.000000 0.000000
0.800000 0.800000 0.800000
0.500000
0.866025 0.000000 1 1 0.500000 0.500000 0.500000
0.500000 5.500000 50.500000
0.000000 0.000000 0.000000
0.000000 0.000000 0.000000
1.000000 0.000000 0.000000 0.000000
0.800000 0.800000 0.800000
0.500000
0.866025 0.000000 1 1 0.500000 0.500000 0.500000
0.500000 4.500000 50.500000
0.000000 0.000000 0.000000
0.000000 0.000000 0.000000
1.000000 0.000000 0.000000 0.000000
0.800000 0.800000 0.800000
0.500000
0.866025 0.000000 1 1 0.500000 0.500000 0.500000
0.500000 5.500000 49.500000
0.000000 0.000000 0.000000
0.000000 0.000000 0.000000
1.000000 0.000000 0.000000 0.000000
0.800000 0.800000 0.800000
0.500000
0.866025 0.000000 1 1 0.500000 0.500000 0.500000
0.500000 4.500000 49.500000
0.000000 0.000000 0.000000
0.000000 0.000000 0.000000
1.000000 0.000000 0.000000 0.000000
0.800000 0.800000 0.800000
0.500000
0.866025 0.000000 1 1 0.500000 0.500000 0.500000
0.500000 6.500000 50.500000
0.000000 0.000000 0.000000
0.000000 0.000000 0.000000
1.000000 0.000000 0.000000 0.000000
0.800000 0.800000 0.800000
0.500000
0.866025 0.000000 1 1 0.500000 0.500000 0.500000
0.500000 6.500000 49.500000
0.000000 0.000000 0.000000
0.000000 0.000000 0.000000
1.000000 0.000000 0.000000 0.000000
0.800000 0.800000 0.800000
0.500000
0.866025 0.000000 1 1 0.500000 0.500000 0.500000
0.500000 6.500000 48.500000
0.000000 0.000000 0.000000
0.000000 0.000000 0.000000
1.000000 0.000000 0.000000 0.000000
0.800000 0.800000 0.800000
0.500000
0.866025 0.000000 1 1 0.500000 0.500000 0.500000
0.500000 6.500000 47.500000
0.000000 0.000000 0.000000
0.000000 0.000000 0.000000
1.000000 0.000000 0.000000 0.000000
0.800000 0.800000 0.800000
0.500000
0.866025 0.000000 1 1 0.500000 0.500000 0.500000
0.500000 5.500000 48.500000
0.000000 0.000000 0.000000
0.000000 0.000000 0.000000
1.000000 0.000000 0.000000 0.000000
0.800000 0.800000 0.800000
0.500000
0.866025 0.000000 1 1 0.500000 0.500000 0.500000
0.500000 4.500000 48.500000
0.000000 0.000000 0.000000
0.000000 0.000000 0.000000
1.000000 0.000000 0.000000 0.000000
0.800000 0.800000 0.800000
0.500000
0.866025 0.000000 1 1 0.500000 0.500000 0.500000
0.500000 5.500000 47.500000
0.000000 0.000000 0.000000
0.000000 0.000000 0.000000
1.000000 0.000000 0.000000 0.000000
0.800000 0.800000 0.800000
0.500000
0.866025 0.000000 1 1 0.500000 0.500000 0.500000
0.500000 4.500000 47.500000
0.000000 0.000000 0.000000
0.000000 0.000000 0.000000
1.000000 0.000000 0.000000 0.000000
0.800000 0.800000 0.800000
0.500000
0.866025 0.000000 1 1 0.500000 0.500000 0.500000
0.500000 5.500000 46.500000
0.000000 0.000000 0.000000
0.000000 0.000000 0.000000
1.000000 0.000000 0.000000 0.000000
0.800000 0.800000 0.800000
0.500000
0.866025 0.000000 1 1 0.500000 0.500000 0.500000
0.500000 6.500000 46.500000
0.000000 0.000000 0.000000
0.000000 0.000000 0.000000
1.000000 0.000000 0.000000 0.000000
0.800000 0.800000 0.800000
0.500000
0.866025 0.000000 1 1 0.500000 0.500000 0.500000
0.500000 4.500000 46.500000
0.000000 0.000000 0.000000
0.000000 0.000000 0.000000
1.000000 0.000000 0.000000 0.000000
0.800000 0.800000 0.800000
0.500000
0.866025 0.000000 1 1 0.500000 0.500000 0.500000
0.500000 6.500000 45.500000
0.000000 0.000000 0.000000
0.000000 0.000000 0.000000
1.000000 0.000000 0.000000 0.000000
0.800000 0.800000 0.800000
0.500000
0.866025 0.000000 1 1 0.500000 0.500000 0.500000
0.500000 5.500000 45.500000
0.000000 0.000000 0.000000
0.000000 0.000000 0.000000
1.000000 0.000000 0.000000 0.000000
0.800000 0.800000 0.800000
0.500000
0.866025 0.000000 1 1 0.500000 0.500000 0.500000
0.500000 4.500000 45.500000
0.000000 0.000000 0.000000
0.000000 0.000000 0.000000
1.000000 0.000000 0.000000 0.000000
0.800000 0.800000 0.800000
0.500000
0.866025 0.000000 1 1 0.500000 0.500000 0.500000
-0.500000 4.500000 41.500000
0.000000 0.000000 0.000000
0.000000 0.000000 0.000000
1.000000 0.000000 0.000000 0.000000
0.800000 0.800000 0.800000
0.500000
0.866025 0.000000 1 1 0.500000 0.500000 0.500000
0.500000 4.500000 42.500000
0.000000 0.000000 0.000000
0.000000 0.000000 0.000000
1.000000 0.000000 0.000000 0.000000
0.800000 0.800000 0.800000
0.500000
0.866025 0.000000 1 1 0.500000 0.500000 0.500000
0.500000 4.500000 43.500000
0.000000 0.000000 0.000000
0.000000 0.000000 0.000000
1.000000 0.000000 0.000000 0.000000
0.800000 0.800000 0.800000
0.500000
0.866025 0.000000 1 1 0.500000 0.500000 0.500000
0.500000 5.500000 43.500000
0.000000 0.000000 0.000000
0.000000 0.000000 0.000000
1.000000 0.000000 0.000000 0.000000
0.800000 0.800000 0.800000
0.500000
0.866025 0.000000 1 1 0.500000 0.500000 0.500000
0.500000 5.500000 42.500000
0.000000 0.000000 0.000000
0.000000 0.000000 0.000000
1.000000 0.000000 0.000000 0.000000
0.800000 0.800000 0.800000
0.500000
0.866025 0.000000 1 1 0.500000 0.500000 0.500000
0.500000 6.500000 42.500000
0.000000 0.000000 0.000000
0.000000 0.000000 0.000000
1.000000 0.000000 0.000000 0.000000
0.800000 0.800000 0.800000
0.500000
0.866025 0.000000 1 1 0.500000 0.500000 0.500000
0.500000 6.500000 43.500000
0.000000 0.000000 0.000000
0.000000 0.000000 0.000000
1.000000 0.000000 0.000000 0.000000
0.800000 0.800000 0.800000
0.500000
0.866025 0.000000 1 1 0.500000 0.500000 0.500000
0.500000 6.500000 44.500000
0.000000 0.000000 0.000000
0.000000 0.000000 0.000000
1.000000 0.000000 0.000000 0.000000
0.800000 0.800000 0.800000
0.500000
0.866025 0.000000 1 1 0.500000 0.500000 0.500000
-0.500000 5.500000 41.500000
0.000000 0.000000 0.000000
0.000000 0.000000 0.000000
1.000000 0.000000 0.000000 0.000000
0.800000 0.800000 0.800000
0.500000
0.866025 0.000000 1 1 0.500000 0.500000 0.500000
-0.500000 6.500000 41.500000
0.000000 0.000000 0.000000
0.000000 0.000000 0.000000
1.000000 0.000000 0.000000 0.000000
0.800000 0.800000 0.800000
0.500000
0.866025 0.000000 1 1 0.500000 0.500000 0.500000
-1.500000 5.500000 41.500000
0.000000 0.000000 0.000000
0.000000 0.000000 0.000000
1.000000 0.000000 0.000000 0.000000
0.800000 0.800000 0.800000
0.500000
0.866025 0.000000 1 1 0.500000 0.500000 0.500000
-1.500000 6.500000 41.500000
0.000000 0.000000 0.000000
0.000000 0.000000 0.000000
1.000000 0.000000 0.000000 0.000000
0.800000 0.800000 0.800000
0.500000
0.866025 0.000000 1 1 0.500000 0.500000 0.500000
-1.500000 4.500000 41.500000
0.000000 0.000000 0.000000
0.000000 0.000000 0.000000
1.000000 0.000000 0.000000 0.000000
0.800000 0.800000 0.800000
0.500000
0.866025 0.000000 1 1 0.500000 0.500000 0.500000
-2.500000 5.500000 41.500000
0.000000 0.000000 0.000000
0.000000 0.000000 0.000000
1.000000 0.000000 0.000000 0.000000
0.800000 0.800000 0.800000
0.500000
0.866025 0.000000 1 1 0.500000 0.500000 0.500000
-2.500000 6.500000 41.500000
0.000000 0.000000 0.000000
0.000000 0.000000 0.000000
1.000000 0.000000 0.000000 0.000000
0.800000 0.800000 0.800000
0.500000
0.866025 0.000000 1 1 0.500000 0.500000 0.500000
-2.500000 4.500000 41.500000
0.000000 0.000000 0.000000
0.000000 0.000000 0.000000
1.000000 0.000000 0.000000 0.000000
0.800000 0.800000 0.800000
0.500000
0.866025 0.000000 1 1 0.500000 0.500000 0.500000
-3.500000 6.500000 41.500000
0.000000 0.000000 0.000000
0.000000 0.000000 0.000000
1.000000 0.000000 0.000000 0.000000
0.800000 0.800000 0.800000
0.500000
0.866025 0.000000 1 1 0.500000 0.500000 0.500000
-3.500000 5.500000 41.500000
0.000000 0.000000 0.000000
0.000000 0.000000 0.000000
1.000000 0.000000 0.000000 0.000000
0.800000 0.800000 0.800000
0.500000
0.866025 0.000000 1 1 0.500000 0.500000 0.500000
-3.500000 4.500000 41.500000
0.000000 0.000000 0.000000
0.000000 0.000000 0.000000
1.000000 0.000000 0.000000 0.000000
0.800000 0.800000 0.800000
0.500000
0.866025 0.000000 1 1 0.500000 0.500000 0.500000
-4.500000 6.500000 41.500000
0.000000 0.000000 0.000000
0.000000 0.000000 0.000000
1.000000 0.000000 0.000000 0.000000
0.800000 0.800000 0.800000
0.500000
0.866025 0.000000 1 1 0.500000 0.500000 0.500000
-4.500000 5.500000 41.500000
0.000000 0.000000 0.000000
0.000000 0.000000 0.000000
1.000000 0.000000 0.000000 0.000000
0.800000 0.800000 0.800000
0.500000
0.866025 0.000000 1 1 0.500000 0.500000 0.500000
-7.500000 4.500000 41.500000
0.000000 0.000000 0.000000
0.000000 0.000000 0.000000
1.000000 0.000000 0.000000 0.000000
0.800000 0.800000 0.800000
0.500000
0.866025 0.000000 1 1 0.500000 0.500000 0.500000
-6.500000 4.500000 41.500000
0.000000 0.000000 0.000000
0.000000 0.000000 0.000000
1.000000 0.000000 0.000000 0.000000
0.800000 0.800000 0.800000
0.500000
0.866025 0.000000 1 1 0.500000 0.500000 0.500000
-4.500000 4.500000 41.500000
0.000000 0.000000 0.000000
0.000000 0.000000 0.000000
1.000000 0.000000 0.000000 0.000000
0.800000 0.800000 0.800000
0.500000
0.866025 0.000000 1 1 0.500000 0.500000 0.500000
-5.500000 4.500000 41.500000
0.000000 0.000000 0.000000
0.000000 0.000000 0.000000
1.000000 0.000000 0.000000 0.000000
0.800000 0.800000 0.800000
0.500000
0.866025 0.000000 1 1 0.500000 0.500000 0.500000
-5.500000 5.500000 41.500000
0.000000 0.000000 0.000000
0.000000 0.000000 0.000000
1.000000 0.000000 0.000000 0.000000
0.800000 0.800000 0.800000
0.500000
0.866025 0.000000 1 1 0.500000 0.500000 0.500000
-5.500000 6.500000 41.500000
0.000000 0.000000 0.000000
0.000000 0.000000 0.000000
1.000000 0.000000 0.000000 0.000000
0.800000 0.800000 0.800000
0.500000
0.866025 0.000000 1 1 0.500000 0.500000 0.500000
-6.500000 5.500000 41.500000
0.000000 0.000000 0.000000
0.000000 0.000000 0.000000
1.000000 0.000000 0.000000 0.000000
0.800000 0.800000 0.800000
0.500000
0.866025 0.000000 1 1 0.500000 0.500000 0.500000
-7.500000 5.500000 41.500000
0.000000 0.000000 0.000000
0.000000 0.000000 0.000000
1.000000 0.000000 0.000000 0.000000
0.800000 0.800000 0.800000
0.500000
0.866025 0.000000 1 1 0.500000 0.500000 0.500000
-6.500000 6.500000 41.500000
0.000000 0.000000 0.000000
0.000000 0.000000 0.000000
1.000000 0.000000 0.000000 0.000000
0.800000 0.800000 0.800000
0.500000
0.866025 0.000000 1 1 0.500000 0.500000 0.500000
-8.500000 6.500000 42.500000
0.000000 0.000000 0.000000
0.000000 0.000000 0.000000
1.000000 0.000000 0.000000 0.000000
0.800000 0.800000 0.800000
0.500000
0.866025 0.000000 1 1 0.500000 0.500000 0.500000
-7.500000 6.500000 41.500000
0.000000 0.000000 0.000000
0.000000 0.000000 0.000000
1.000000 0.000000 0.000000 0.000000
0.800000 0.800000 0.800000
0.500000
0.866025 0.000000 1 1 0.500000 0.500000 0.500000
-8.500000 5.500000 42.500000
0.000000 0.000000 0.000000
0.000000 0.000000 0.000000
1.000000 0.000000 0.000000 0.000000
0.800000 0.800000 0.800000
0.500000
0.866025 0.000000 1 1 0.500000 0.500000 0.500000
-8.500000 6.500000 43.500000
0.000000 0.000000 0.000000
0.000000 0.000000 0.000000
1.000000 0.000000 0.000000 0.000000
0.800000 0.800000 0.800000
0.500000
0.866025 0.000000 1 1 0.500000 0.500000 0.500000
-8.500000 5.500000 43.500000
0.000000 0.000000 0.000000
0.000000 0.000000 0.000000
1.000000 0.000000 0.000000 0.000000
0.800000 0.800000 0.800000
0.500000
0.866025 0.000000 1 1 0.500000 0.500000 0.500000
-8.500000 4.500000 43.500000
0.000000 0.000000 0.000000
0.000000 0.000000 0.000000
1.000000 0.000000 0.000000 0.000000
0.800000 0.800000 0.800000
0.500000
0.866025 0.000000 1 1 0.500000 0.500000 0.500000
-8.500000 4.500000 50.500000
0.000000 0.000000 0.000000
0.000000 0.000000 0.000000
1.000000 0.000000 0.000000 0.000000
0.800000 0.800000 0.800000
0.500000
0.866025 0.000000 1 1 0.500000 0.500000 0.500000
-8.500000 4.500000 49.500000
0.000000 0.000000 0.000000
0.000000 0.000000 0.000000
1.000000 0.000000 0.000000 0.000000
0.800000 0.800000 0.800000
0.500000
0.866025 0.000000 1 1 0.500000 0.500000 0.500000
-8.500000 4.500000 48.500000
0.000000 0.000000 0.000000
0.000000 0.000000 0.000000
1.000000 0.000000 0.000000 0.000000
0.800000 0.800000 0.800000
0.500000
0.866025 0.000000 1 1 0.500000 0.500000 0.500000
-8.500000 4.500000 44.500000
0.000000 0.000000 0.000000
0.000000 0.000000 0.000000
1.000000 0.000000 0.000000 0.000000
0.800000 0.800000 0.800000
0.500000
0.866025 0.000000 1 1 0.500000 0.500000 0.500000
-8.500000 4.500000 45.500000
0.000000 0.000000 0.000000
0.000000 0.000000 0.000000
1.000000 0.000000 0.000000 0.000000
0.800000 0.800000 0.800000
0.500000
0.866025 0.000000 1 1 0.500000 0.500000 0.500000
-8.500000 4.500000 46.500000
0.000000 0.000000 0.000000
0.000000 0.000000 0.000000
1.000000 0.000000 0.000000 0.000000
0.800000 0.800000 0.800000
0.500000
0.866025 0.000000 1 1 0.500000 0.500000 0.500000
-8.500000 4.500000 47.500000
0.000000 0.000000 0.000000
0.000000 0.000000 0.000000
1.000000 0.000000 0.000000 0.000000
0.800000 0.800000 0.800000
0.500000
0.866025 0.000000 1 1 0.500000 0.500000 0.500000
-8.500000 5.500000 44.500000
0.000000 0.000000 0.000000
0.000000 0.000000 0.000000
1.000000 0.000000 0.000000 0.000000
0.800000 0.800000 0.800000
0.500000
0.866025 0.000000 1 1 0.500000 0.500000 0.500000
-8.500000 6.500000 44.500000
0.000000 0.000000 0.000000
0.000000 0.000000 0.000000
1.000000 0.000000 0.000000 0.000000
0.800000 0.800000 0.800000
0.500000
0.866025 0.000000 1 1 0.500000 0.500000 0.500000
-8.500000 5.500000 45.500000
0.000000 0.000000 0.000000
0.000000 0.000000 0.000000
1.000000 0.000000 0.000000 0.000000
0.800000 0.800000 0.800000
0.500000
0.866025 0.000000 1 1 0.500000 0.500000 0.500000
-8.500000 6.500000 45.500000
0.000000 0.000000 0.000000
0.000000 0.000000 0.000000
1.000000 0.000000 0.000000 0.000000
0.800000 0.800000 0.800000
0.500000
0.866025 0.000000 1 1 0.500000 0.500000 0.500000
-8.500000 5.500000 46.500000
0.000000 0.000000 0.000000
0.000000 0.000000 0.000000
1.000000 0.000000 0.000000 0.000000
0.800000 0.800000 0.800000
0.500000
0.866025 0.000000 1 1 0.500000 0.500000 0.500000
-8.500000 6.500000 46.500000
0.000000 0.000000 0.000000
0.000000 0.000000 0.000000
1.000000 0.000000 0.000000 0.000000
0.800000 0.800000 0.800000
0.500000
0.866025 0.000000 1 1 0.500000 0.500000 0.500000
-8.500000 5.500000 47.500000
0.000000 0.000000 0.000000
0.000000 0.000000 0.000000
1.000000 0.000000 0.000000 0.000000
0.800000 0.800000 0.800000
0.500000
0.866025 0.000000 1 1 0.500000 0.500000 0.500000
-8.500000 6.500000 47.500000
0.000000 0.000000 0.000000
0.000000 0.000000 0.000000
1.000000 0.000000 0.000000 0.000000
0.800000 0.800000 0.800000
0.500000
0.866025 0.000000 1 1 0.500000 0.500000 0.500000
-8.500000 5.500000 50.500000
0.000000 0.000000 0.000000
0.000000 0.000000 0.000000
1.000000 0.000000 0.000000 0.000000
0.800000 0.800000 0.800000
0.500000
0.866025 0.000000 1 1 0.500000 0.500000 0.500000
-8.500000 6.500000 50.500000
0.000000 0.000000 0.000000
0.000000 0.000000 0.000000
1.000000 0.000000 0.000000 0.000000
0.800000 0.800000 0.800000
0.500000
0.866025 0.000000 1 1 0.500000 0.500000 0.500000
-8.500000 5.500000 49.500000
0.000000 0.000000 0.000000
0.000000 0.000000 0.000000
1.000000 0.000000 0.000000 0.000000
0.800000 0.800000 0.800000
0.500000
0.866025 0.000000 1 1 0.500000 0.500000 0.500000
-8.500000 6.500000 49.500000
0.000000 0.000000 0.000000
0.000000 0.000000 0.000000
1.000000 0.000000 0.000000 0.000000
0.800000 0.800000 0.800000
0.500000
0.866025 0.000000 1 1 0.500000 0.500000 0.500000
-8.500000 5.500000 48.500000
0.000000 0.000000 0.000000
0.000000 0.000000 0.000000
1.000000 0.000000 0.000000 0.000000
0.800000 0.800000 0.800000
0.500000
0.866025 0.000000 1 1 0.500000 0.500000 0.500000
-8.500000 6.500000 48.500000
0.000000 0.000000 0.000000
0.000000 0.000000 0.000000
1.000000 0.000000 0.000000 0.000000
0.800000 0.800000 0.800000
0.500000
0.866025 0.000000 1 1 0.500000 0.500000 0.500000
-7.500000 4.500000 51.500000
0.000000 0.000000 0.000000
0.000000 0.000000 0.000000
1.000000 0.000000 0.000000 0.000000
0.800000 0.800000 0.800000
0.500000
0.866025 0.000000 1 1 0.500000 0.500000 0.500000
-7.500000 5.500000 51.500000
0.000000 0.000000 0.000000
0.000000 0.000000 0.000000
1.000000 0.000000 0.000000 0.000000
0.800000 0.800000 0.800000
0.500000
0.866025 0.000000 1 1 0.500000 0.500000 0.500000
-7.500000 6.500000 51.500000
0.000000 0.000000 0.000000
0.000000 0.000000 0.000000
1.000000 0.000000 0.000000 0.000000
0.800000 0.800000 0.800000
0.500000
0.866025 0.000000 1 1 0.500000 0.500000 0.500000
-6.500000 4.500000 51.500000
0.000000 0.000000 0.000000
0.000000 0.000000 0.000000
1.000000 0.000000 0.000000 0.000000
0.800000 0.800000 0.800000
0.500000
0.866025 0.000000 1 1 0.500000 0.500000 0.500000
-6.500000 5.500000 51.500000
0.000000 0.000000 0.000000
0.000000 0.000000 0.000000
1.000000 0.000000 0.000000 0.000000
0.800000 0.800000 0.800000
0.500000
0.866025 0.000000 1 1 0.500000 0.500000 0.500000
-6.500000 6.500000 51.500000
0.000000 0.000000 0.000000
0.000000 0.000000 0.000000
1.000000 0.000000 0.000000 0.000000
0.800000 0.800000 0.800000
0.500000
0.866025 0.000000 1 1 0.500000 0.500000 0.500000
-5.500000 4.500000 51.500000
0.000000 0.000000 0.000000
0.000000 0.000000 0.000000
1.000000 0.000000 0.000000 0.000000
0.800000 0.800000 0.800000
0.500000
0.866025 0.000000 1 1 0.500000 0.500000 0.500000
-5.500000 5.500000 51.500000
0.000000 0.000000 0.000000
0.000000 0.000000 0.000000
1.000000 0.000000 0.000000 0.000000
0.800000 0.800000 0.800000
0.500000
0.866025 0.000000 1 1 0.500000 0.500000 0.500000
-5.500000 6.500000 51.500000
0.000000 0.000000 0.000000
0.000000 0.000000 0.000000
1.000000 0.000000 0.000000 0.000000
0.800000 0.800000 0.800000
0.500000
0.866025 0.000000 1 1 0.500000 0.500000 0.500000
-4.500000 3.500000 51.500000
0.000000 0.000000 0.000000
0.000000 0.000000 0.000000
1.000000 0.000000 0.000000 0.000000
0.800000 0.800000 0.800000
0.500000
0.866025 0.000000 1 1 0.500000 0.500000 0.500000
-4.500000 4.500000 51.500000
0.000000 0.000000 0.000000
0.000000 0.000000 0.000000
1.000000 0.000000 0.000000 0.000000
0.800000 0.800000 0.800000
0.500000
0.866025 0.000000 1 1 0.500000 0.500000 0.500000
-4.500000 5.500000 51.500000
0.000000 0.000000 0.000000
0.000000 0.000000 0.000000
1.000000 0.000000 0.000000 0.000000
0.800000 0.800000 0.800000
0.500000
0.866025 0.000000 1 1 0.500000 0.500000 0.500000
-4.500000 6.500000 51.500000
0.000000 0.000000 0.000000
0.000000 0.000000 0.000000
1.000000 0.000000 0.000000 0.000000
0.800000 0.800000 0.800000
0.500000
0.866025 0.000000 1 1 0.500000 0.500000 0.500000
-3.500000 4.500000 51.500000
0.000000 0.000000 0.000000
0.000000 0.000000 0.000000
1.000000 0.000000 0.000000 0.000000
0.800000 0.800000 0.800000
0.500000
0.866025 0.000000 1 1 0.500000 0.500000 0.500000
-3.500000 5.500000 51.500000
0.000000 0.000000 0.000000
0.000000 0.000000 0.000000
1.000000 0.000000 0.000000 0.000000
0.800000 0.800000 0.800000
0.500000
0.866025 0.000000 1 1 0.500000 0.500000 0.500000
-3.500000 6.500000 51.500000
0.000000 0.000000 0.000000
0.000000 0.000000 0.000000
1.000000 0.000000 0.000000 0.000000
0.800000 0.800000 0.800000
0.500000
0.866025 0.000000 1 1 0.500000 0.500000 0.500000
-0.500000 4.500000 51.500000
0.000000 0.000000 0.000000
0.000000 0.000000 0.000000
1.000000 0.000000 0.000000 0.000000
0.800000 0.800000 0.800000
0.500000
0.866025 0.000000 1 1 0.500000 0.500000 0.500000
-1.500000 4.500000 51.500000
0.000000 0.000000 0.000000
0.000000 0.000000 0.000000
1.000000 0.000000 0.000000 0.000000
0.800000 0.800000 0.800000
0.500000
0.866025 0.000000 1 1 0.500000 0.500000 0.500000
-2.500000 4.500000 51.500000
0.000000 0.000000 0.000000
0.000000 0.000000 0.000000
1.000000 0.000000 0.000000 0.000000
0.800000 0.800000 0.800000
0.500000
0.866025 0.000000 1 1 0.500000 0.500000 0.500000
-0.500000 5.500000 51.500000
0.000000 0.000000 0.000000
0.000000 0.000000 0.000000
1.000000 0.000000 0.000000 0.000000
0.800000 0.800000 0.800000
0.500000
0.866025 0.000000 1 1 0.500000 0.500000 0.500000
-1.500000 5.500000 51.500000
0.000000 0.000000 0.000000
0.000000 0.000000 0.000000
1.000000 0.000000 0.000000 0.000000
0.800000 0.800000 0.800000
0.500000
0.866025 0.000000 1 1 0.500000 0.500000 0.500000
-2.500000 5.500000 51.500000
0.000000 0.000000 0.000000
0.000000 0.000000 0.000000
1.000000 0.000000 0.000000 0.000000
0.800000 0.800000 0.800000
0.500000
0.866025 0.000000 1 1 0.500000 0.500000 0.500000
-2.500000 6.500000 51.500000
0.000000 0.000000 0.000000
0.000000 0.000000 0.000000
1.000000 0.000000 0.000000 0.000000
0.800000 0.800000 0.800000
0.500000
0.866025 0.000000 1 1 0.500000 0.500000 0.500000
-0.500000 6.500000 51.500000
0.000000 0.000000 0.000000
0.000000 0.000000 0.000000
1.000000 0.000000 0.000000 0.000000
0.800000 0.800000 0.800000
0.500000
0.866025 0.000000 1 1 0.500000 0.500000 0.500000
-1.500000 6.500000 51.500000
0.000000 0.000000 0.000000
0.000000 0.000000 0.000000
1.000000 0.000000 0.000000 0.000000
0.800000 0.800000 0.800000
0.500000
0.866025 0.000000 1 1 0.500000 0.500000 0.500000
-0.500000 7.500000 42.500000
0.000000 0.000000 0.000000
0.000000 0.000000 0.000000
1.000000 0.000000 0.000000 0.000000
0.800000 0.800000 0.800000
0.500000
0.866025 0.000000 1 1 0.500000 0.500000 0.500000
-0.500000 7.500000 43.500000
0.000000 0.000000 0.000000
0.000000 0.000000 0.000000
1.000000 0.000000 0.000000 0.000000
0.800000 0.800000 0.800000
0.500000
0.866025 0.000000 1 1 0.500000 0.500000 0.500000
-1.500000 7.500000 42.500000
0.000000 0.000000 0.000000
0.000000 0.000000 0.000000
1.000000 0.000000 0.000000 0.000000
0.800000 0.800000 0.800000
0.500000
0.866025 0.000000 1 1 0.500000 0.500000 0.500000
-1.500000 7.500000 43.500000
0.000000 0.000000 0.000000
0.000000 0.000000 0.000000
1.000000 0.000000 0.000000 0.000000
0.800000 0.800000 0.800000
0.500000
0.866025 0.000000 1 1 0.500000 0.500000 0.500000
-2.500000 7.500000 42.500000
0.000000 0.000000 0.000000
0.000000 0.000000 0.000000
1.000000 0.000000 0.000000 0.000000
0.800000 0.800000 0.800000
0.500000
0.866025 0.000000 1 1 0.500000 0.500000 0.500000
-2.500000 7.500000 43.500000
0.000000 0.000000 0.000000
0.000000 0.000000 0.000000
1.000000 0.000000 0.000000 0.000000
0.800000 0.800000 0.800000
0.500000
0.866025 0.000000 1 1 0.500000 0.500000 0.500000
-3.500000 7.500000 42.500000
0.000000 0.000000 0.000000
0.000000 0.000000 0.000000
1.000000 0.000000 0.000000 0.000000
0.800000 0.800000 0.800000
0.500000
0.866025 0.000000 1 1 0.500000 0.500000 0.500000
-3.500000 7.500000 43.500000
0.000000 0.000000 0.000000
0.000000 0.000000 0.000000
1.000000 0.000000 0.000000 0.000000
0.800000 0.800000 0.800000
0.500000
0.866025 0.000000 1 1 0.500000 0.500000 0.500000
-4.500000 7.500000 42.500000
0.000000 0.000000 0.000000
0.000000 0.000000 0.000000
1.000000 0.000000 0.000000 0.000000
0.800000 0.800000 0.800000
0.500000
0.866025 0.000000 1 1 0.500000 0.500000 0.500000
-4.500000 7.500000 43.500000
0.000000 0.000000 0.000000
0.000000 0.000000 0.000000
1.000000 0.000000 0.000000 0.000000
0.800000 0.800000 0.800000
0.500000
0.866025 0.000000 1 1 0.500000 0.500000 0.500000
-5.500000 7.500000 42.500000
0.000000 0.000000 0.000000
0.000000 0.000000 0.000000
1.000000 0.000000 0.000000 0.000000
0.800000 0.800000 0.800000
0.500000
0.866025 0.000000 1 1 0.500000 0.500000 0.500000
-5.500000 7.500000 43.500000
0.000000 0.000000 0.000000
0.000000 0.000000 0.000000
1.000000 0.000000 0.000000 0.000000
0.800000 0.800000 0.800000
0.500000
0.866025 0.000000 1 1 0.500000 0.500000 0.500000
-6.500000 7.500000 42.500000
0.000000 0.000000 0.000000
0.000000 0.000000 0.000000
1.000000 0.000000 0.000000 0.000000
0.800000 0.800000 0.800000
0.500000
0.866025 0.000000 1 1 0.500000 0.500000 0.500000
-6.500000 7.500000 43.500000
0.000000 0.000000 0.000000
0.000000 0.000000 0.000000
1.000000 0.000000 0.000000 0.000000
0.800000 0.800000 0.800000
0.500000
0.866025 0.000000 1 1 0.500000 0.500000 0.500000
-7.500000 7.500000 42.500000
0.000000 0.000000 0.000000
0.000000 0.000000 0.000000
1.000000 0.000000 0.000000 0.000000
0.800000 0.800000 0.800000
0.500000
0.866025 0.000000 1 1 0.500000 0.500000 0.500000
-7.500000 7.500000 43.500000
0.000000 0.000000 0.000000
0.000000 0.000000 0.000000
1.000000 0.000000 0.000000 0.000000
0.800000 0.800000 0.800000
0.500000
0.866025 0.000000 1 1 0.500000 0.500000 0.500000
-7.500000 7.500000 44.500000
0.000000 0.000000 0.000000
0.000000 0.000000 0.000000
1.000000 0.000000 0.000000 0.000000
0.800000 0.800000 0.800000
0.500000
0.866025 0.000000 1 1 0.500000 0.500000 0.500000
-7.500000 7.500000 45.500000
0.000000 0.000000 0.000000
0.000000 0.000000 0.000000
1.000000 0.000000 0.000000 0.000000
0.800000 0.800000 0.800000
0.500000
0.866025 0.000000 1 1 0.500000 0.500000 0.500000
-7.500000 7.500000 46.500000
0.000000 0.000000 0.000000
0.000000 0.000000 0.000000
1.000000 0.000000 0.000000 0.000000
0.800000 0.800000 0.800000
0.500000
0.866025 0.000000 1 1 0.500000 0.500000 0.500000
-7.500000 7.500000 47.500000
0.000000 0.000000 0.000000
0.000000 0.000000 0.000000
1.000000 0.000000 0.000000 0.000000
0.800000 0.800000 0.800000
0.500000
0.866025 0.000000 1 1 0.500000 0.500000 0.500000
-7.500000 7.500000 48.500000
0.000000 0.000000 0.000000
0.000000 0.000000 0.000000
1.000000 0.000000 0.000000 0.000000
0.800000 0.800000 0.800000
0.500000
0.866025 0.000000 1 1 0.500000 0.500000 0.500000
-7.500000 7.500000 49.500000
0.000000 0.000000 0.000000
0.000000 0.000000 0.000000
1.000000 0.000000 0.000000 0.000000
0.800000 0.800000 0.800000
0.500000
0.866025 0.000000 1 1 0.500000 0.500000 0.500000
-7.500000 7.500000 50.500000
0.000000 0.000000 0.000000
0.000000 0.000000 0.000000
1.000000 0.000000 0.000000 0.000000
0.800000 0.800000 0.800000
0.500000
0.866025 0.000000 1 1 0.500000 0.500000 0.500000
-6.500000 7.500000 50.500000
0.000000 0.000000 0.000000
0.000000 0.000000 0.000000
1.000000 0.000000 0.000000 0.000000
0.800000 0.800000 0.800000
0.500000
0.866025 0.000000 1 1 0.500000 0.500000 0.500000
-6.500000 7.500000 49.500000
0.000000 0.000000 0.000000
0.000000 0.000000 0.000000
1.000000 0.000000 0.000000 0.000000
0.800000 0.800000 0.800000
0.500000
0.866025 0.000000 1 1 0.500000 0.500000 0.500000
-5.500000 7.500000 50.500000
0.000000 0.000000 0.000000
0.000000 0.000000 0.000000
1.000000 0.000000 0.000000 0.000000
0.800000 0.800000 0.800000
0.500000
0.866025 0.000000 1 1 0.500000 0.500000 0.500000
-5.500000 7.500000 49.500000
0.000000 0.000000 0.000000
0.000000 0.000000 0.000000
1.000000 0.000000 0.000000 0.000000
0.800000 0.800000 0.800000
0.500000
0.866025 0.000000 1 1 0.500000 0.500000 0.500000
-4.500000 7.500000 50.500000
0.000000 0.000000 0.000000
0.000000 0.000000 0.000000
1.000000 0.000000 0.000000 0.000000
0.800000 0.800000 0.800000
0.500000
0.866025 0.000000 1 1 0.500000 0.500000 0.500000
-4.500000 7.500000 49.500000
0.000000 0.000000 0.000000
0.000000 0.000000 0.000000
1.000000 0.000000 0.000000 0.000000
0.800000 0.800000 0.800000
0.500000
0.866025 0.000000 1 1 0.500000 0.500000 0.500000
-3.500000 7.500000 50.500000
0.000000 0.000000 0.000000
0.000000 0.000000 0.000000
1.000000 0.000000 0.000000 0.000000
0.800000 0.800000 0.800000
0.500000
0.866025 0.000000 1 1 0.500000 0.500000 0.500000
-3.500000 7.500000 49.500000
0.000000 0.000000 0.000000
0.000000 0.000000 0.000000
1.000000 0.000000 0.000000 0.000000
0.800000 0.800000 0.800000
0.500000
0.866025 0.000000 1 1 0.500000 0.500000 0.500000
-2.500000 7.500000 50.500000
0.000000 0.000000 0.000000
0.000000 0.000000 0.000000
1.000000 0.000000 0.000000 0.000000
0.800000 0.800000 0.800000
0.500000
0.866025 0.000000 1 1 0.500000 0.500000 0.500000
-2.500000 7.500000 49.500000
0.000000 0.000000 0.000000
0.000000 0.000000 0.000000
1.000000 0.000000 0.000000 0.000000
0.800000 0.800000 0.800000
0.500000
0.866025 0.000000 1 1 0.500000 0.500000 0.500000
-1.500000 7.500000 50.500000
0.000000 0.000000 0.000000
0.000000 0.000000 0.000000
1.000000 0.000000 0.000000 0.000000
0.800000 0.800000 0.800000
0.500000
0.866025 0.000000 1 1 0.500000 0.500000 0.500000
-0.500000 7.500000 50.500000
0.000000 0.000000 0.000000
0.000000 0.000000 0.000000
1.000000 0.000000 0.000000 0.000000
0.800000 0.800000 0.800000
0.500000
0.866025 0.000000 1 1 0.500000 0.500000 0.500000
-1.500000 7.500000 49.500000
0.000000 0.000000 0.000000
0.000000 0.000000 0.000000
1.000000 0.000000 0.000000 0.000000
0.800000 0.800000 0.800000
0.500000
0.866025 0.000000 1 1 0.500000 0.500000 0.500000
-0.500000 7.500000 49.500000
0.000000 0.000000 0.000000
0.000000 0.000000 0.000000
1.000000 0.000000 0.000000 0.000000
0.800000 0.800000 0.800000
0.500000
0.866025 0.000000 1 1 0.500000 0.500000 0.500000
-0.500000 7.500000 44.500000
0.000000 0.000000 0.000000
0.000000 0.000000 0.000000
1.000000 0.000000 0.000000 0.000000
0.800000 0.800000 0.800000
0.500000
0.866025 0.000000 1 1 0.500000 0.500000 0.500000
-0.500000 7.500000 45.500000
0.000000 0.000000 0.000000
0.000000 0.000000 0.000000
1.000000 0.000000 0.000000 0.000000
0.800000 0.800000 0.800000
0.500000
0.866025 0.000000 1 1 0.500000 0.500000 0.500000
-1.500000 7.500000 44.500000
0.000000 0.000000 0.000000
0.000000 0.000000 0.000000
1.000000 0.000000 0.000000 0.000000
0.800000 0.800000 0.800000
0.500000
0.866025 0.000000 1 1 0.500000 0.500000 0.500000
-1.500000 7.500000 45.500000
0.000000 0.000000 0.000000
0.000000 0.000000 0.000000
1.000000 0.000000 0.000000 0.000000
0.800000 0.800000 0.800000
0.500000
0.866025 0.000000 1 1 0.500000 0.500000 0.500000
-2.500000 7.500000 44.500000
0.000000 0.000000 0.000000
0.000000 0.000000 0.000000
1.000000 0.000000 0.000000 0.000000
0.800000 0.800000 0.800000
0.500000
0.866025 0.000000 1 1 0.500000 0.500000 0.500000
-2.500000 7.500000 45.500000
0.000000 0.000000 0.000000
0.000000 0.000000 0.000000
1.000000 0.000000 0.000000 0.000000
0.800000 0.800000 0.800000
0.500000
0.866025 0.000000 1 1 0.500000 0.500000 0.500000
-3.500000 7.500000 44.500000
0.000000 0.000000 0.000000
0.000000 0.000000 0.000000
1.000000 0.000000 0.000000 0.000000
0.800000 0.800000 0.800000
0.500000
0.866025 0.000000 1 1 0.500000 0.500000 0.500000
-4.500000 7.500000 44.500000
0.000000 0.000000 0.000000
0.000000 0.000000 0.000000
1.000000 0.000000 0.000000 0.000000
0.800000 0.800000 0.800000
0.500000
0.866025 0.000000 1 1 0.500000 0.500000 0.500000
-4.500000 7.500000 45.500000
0.000000 0.000000 0.000000
0.000000 0.000000 0.000000
1.000000 0.000000 0.000000 0.000000
0.800000 0.800000 0.800000
0.500000
0.866025 0.000000 1 1 0.500000 0.500000 0.500000
-6.500000 7.500000 44.500000
0.000000 0.000000 0.000000
0.000000 0.000000 0.000000
1.000000 0.000000 0.000000 0.000000
0.800000 0.800000 0.800000
0.500000
0.866025 0.000000 1 1 0.500000 0.500000 0.500000
-5.500000 7.500000 44.500000
0.000000 0.000000 0.000000
0.000000 0.000000 0.000000
1.000000 0.000000 0.000000 0.000000
0.800000 0.800000 0.800000
0.500000
0.866025 0.000000 1 1 0.500000 0.500000 0.500000
-5.500000 7.500000 45.500000
0.000000 0.000000 0.000000
0.000000 0.000000 0.000000
1.000000 0.000000 0.000000 0.000000
0.800000 0.800000 0.800000
0.500000
0.866025 0.000000 1 1 0.500000 0.500000 0.500000
-6.500000 7.500000 45.500000
0.000000 0.000000 0.000000
0.000000 0.000000 0.000000
1.000000 0.000000 0.000000 0.000000
0.800000 0.800000 0.800000
0.500000
0.866025 0.000000 1 1 0.500000 0.500000 0.500000
-6.500000 7.500000 46.500000
0.000000 0.000000 0.000000
0.000000 0.000000 0.000000
1.000000 0.000000 0.000000 0.000000
0.800000 0.800000 0.800000
0.500000
0.866025 0.000000 1 1 0.500000 0.500000 0.500000
-5.500000 7.500000 46.500000
0.000000 0.000000 0.000000
0.000000 0.000000 0.000000
1.000000 0.000000 0.000000 0.000000
0.800000 0.800000 0.800000
0.500000
0.866025 0.000000 1 1 0.500000 0.500000 0.500000
-6.500000 7.500000 47.500000
0.000000 0.000000 0.000000
0.000000 0.000000 0.000000
1.000000 0.000000 0.000000 0.000000
0.800000 0.800000 0.800000
0.500000
0.866025 0.000000 1 1 0.500000 0.500000 0.500000
-5.500000 7.500000 47.500000
0.000000 0.000000 0.000000
0.000000 0.000000 0.000000
1.000000 0.000000 0.000000 0.000000
0.800000 0.800000 0.800000
0.500000
0.866025 0.000000 1 1 0.500000 0.500000 0.500000
-6.500000 7.500000 48.500000
0.000000 0.000000 0.000000
0.000000 0.000000 0.000000
1.000000 0.000000 0.000000 0.000000
0.800000 0.800000 0.800000
0.500000
0.866025 0.000000 1 1 0.500000 0.500000 0.500000
-5.500000 7.500000 48.500000
0.000000 0.000000 0.000000
0.000000 0.000000 0.000000
1.000000 0.000000 0.000000 0.000000
0.800000 0.800000 0.800000
0.500000
0.866025 0.000000 1 1 0.500000 0.500000 0.500000
-4.500000 7.500000 48.500000
0.000000 0.000000 0.000000
0.000000 0.000000 0.000000
1.000000 0.000000 0.000000 0.000000
0.800000 0.800000 0.800000
0.500000
0.866025 0.000000 1 1 0.500000 0.500000 0.500000
-3.500000 7.500000 48.500000
0.000000 0.000000 0.000000
0.000000 0.000000 0.000000
1.000000 0.000000 0.000000 0.000000
0.800000 0.800000 0.800000
0.500000
0.866025 0.000000 1 1 0.500000 0.500000 0.500000
-1.500000 7.500000 48.500000
0.000000 0.000000 0.000000
0.000000 0.000000 0.000000
1.000000 0.000000 0.000000 0.000000
0.800000 0.800000 0.800000
0.500000
0.866025 0.000000 1 1 0.500000 0.500000 0.500000
-2.500000 7.500000 48.500000
0.000000 0.000000 0.000000
0.000000 0.000000 0.000000
1.000000 0.000000 0.000000 0.000000
0.800000 0.800000 0.800000
0.500000
0.866025 0.000000 1 1 0.500000 0.500000 0.500000
-0.500000 7.500000 48.500000
0.000000 0.000000 0.000000
0.000000 0.000000 0.000000
1.000000 0.000000 0.000000 0.000000
0.800000 0.800000 0.800000
0.500000
0.866025 0.000000 1 1 0.500000 0.500000 0.500000
-0.500000 7.500000 47.500000
0.000000 0.000000 0.000000
0.000000 0.000000 0.000000
1.000000 0.000000 0.000000 0.000000
0.800000 0.800000 0.800000
0.500000
0.866025 0.000000 1 1 0.500000 0.500000 0.500000
-0.500000 7.500000 46.500000
0.000000 0.000000 0.000000
0.000000 0.000000 0.000000
1.000000 0.000000 0.000000 0.000000
0.800000 0.800000 0.800000
0.500000
0.866025 0.000000 1 1 0.500000 0.500000 0.500000
-1.500000 7.500000 46.500000
0.000000 0.000000 0.000000
0.000000 0.000000 0.000000
1.000000 0.000000 0.000000 0.000000
0.800000 0.800000 0.800000
0.500000
0.866025 0.000000 1 1 0.500000 0.500000 0.500000
-1.500000 7.500000 47.500000
0.000000 0.000000 0.000000
0.000000 0.000000 0.000000
1.000000 0.000000 0.000000 0.000000
0.800000 0.800000 0.800000
0.500000
0.866025 0.000000 1 1 0.500000 0.500000 0.500000
-2.500000 7.500000 46.500000
0.000000 0.000000 0.000000
0.000000 0.000000 0.000000
1.000000 0.000000 0.000000 0.000000
0.800000 0.800000 0.800000
0.500000
0.866025 0.000000 1 1 0.500000 0.500000 0.500000
-2.500000 7.500000 47.500000
0.000000 0.000000 0.000000
0.000000 0.000000 0.000000
1.000000 0.000000 0.000000 0.000000
0.800000 0.800000 0.800000
0.500000
0.866025 0.000000 1 1 0.500000 0.500000 0.500000
-3.500000 7.500000 47.500000
0.000000 0.000000 0.000000
0.000000 0.000000 0.000000
1.000000 0.000000 0.000000 0.000000
0.800000 0.800000 0.800000
0.500000
0.866025 0.000000 1 1 0.500000 0.500000 0.500000
-4.500000 7.500000 47.500000
0.000000 0.000000 0.000000
0.000000 0.000000 0.000000
1.000000 0.000000 0.000000 0.000000
0.800000 0.800000 0.800000
0.500000
0.866025 0.000000 1 1 0.500000 0.500000 0.500000
-4.500000 7.500000 46.500000
0.000000 0.000000 0.000000
0.000000 0.000000 0.000000
1.000000 0.000000 0.000000 0.000000
0.800000 0.800000 0.800000
0.500000
0.866025 0.000000 1 1 0.500000 0.500000 0.500000
-3.500000 7.500000 46.500000
0.000000 0.000000 0.000000
0.000000 0.000000 0.000000
1.000000 0.000000 0.000000 0.000000
0.800000 0.800000 0.800000
0.500000
0.866025 0.000000 1 1 0.500000 0.500000 0.500000
-3.500000 7.500000 45.500000
0.000000 0.000000 0.000000
0.000000 0.000000 0.000000
1.000000 0.000000 0.000000 0.000000
0.800000 0.800000 0.800000
0.500000
0.866025 0.000000 1 1 0.500000 0.500000 0.500000
1.500000 3.500000 44.500000
0.000000 0.000000 0.000000
0.000000 0.000000 0.000000
1.000000 0.000000 0.000000 0.000000
0.800000 0.800000 0.800000
0.500000
0.866025 0.000000 1 1 0.500000 0.500000 0.500000
1.500000 2.500000 43.500000
0.000000 0.000000 0.000000
0.000000 0.000000 0.000000
1.000000 0.000000 0.000000 0.000000
0.800000 0.800000 0.800000
0.500000
0.866025 0.000000 1 1 0.500000 0.500000 0.500000
1.500000 1.500000 42.500000
0.000000 0.000000 0.000000
0.000000 0.000000 0.000000
1.000000 0.000000 0.000000 0.000000
0.800000 0.800000 0.800000
0.500000
0.866025 0.000000 1 1 0.500000 0.500000 0.500000
1.500000 0.500000 41.500000
0.000000 0.000000 0.000000
0.000000 0.000000 0.000000
1.000000 0.000000 0.000000 0.000000
0.800000 0.800000 0.800000
0.500000
0.866025 0.000000 1 1 0.500000 0.500000 0.500000
1.500000 3.500000 45.500000
0.000000 0.000000 0.000000
0.000000 0.000000 0.000000
1.000000 0.000000 0.000000 0.000000
0.800000 0.800000 0.800000
0.500000
0.866025 0.000000 1 1 0.500000 0.500000 0.500000
1.500000 3.500000 46.500000
0.000000 0.000000 0.000000
0.000000 0.000000 0.000000
1.000000 0.000000 0.000000 0.000000
0.800000 0.800000 0.800000
0.500000
0.500000 1.000000 0 0 0.000000 0.000000 0.000000
-33.045723 0.500000 232.995636
0.000000 0.000000 0.000000
0.000000 0.000000 0.000000
0.239226 0.722340 -0.333353 -0.556661
0.700000 1.000000 0.400000
0.500000
0.866025 0.000000 1 1 0.500000 0.500000 0.500000
1.500000 5.500000 46.500000
0.000000 0.000000 0.000000
0.000000 0.000000 0.000000
1.000000 0.000000 0.000000 0.000000
0.800000 0.800000 0.800000
0.500000
0.866025 0.000000 1 1 0.500000 0.500000 0.500000
1.500000 4.500000 46.500000
0.000000 0.000000 0.000000
0.000000 0.000000 0.000000
1.000000 0.000000 0.000000 0.000000
0.800000 0.800000 0.800000
0.500000
0.866025 0.000000 1 1 0.500000 0.500000 0.500000
1.500000 6.500000 46.500000
0.000000 0.000000 0.000000
0.000000 0.000000 0.000000
1.000000 0.000000 0.000000 0.000000
0.800000 0.800000 0.800000
0.500000
0.866025 0.000000 1 1 0.500000 0.500000 0.500000
1.500000 6.500000 45.500000
0.000000 0.000000 0.000000
0.000000 0.000000 0.000000
1.000000 0.000000 0.000000 0.000000
0.800000 0.800000 0.800000
0.500000
0.866025 0.000000 1 1 0.500000 0.500000 0.500000
1.500000 6.500000 44.500000
0.000000 0.000000 0.000000
0.000000 0.000000 0.000000
1.000000 0.000000 0.000000 0.000000
0.800000 0.800000 0.800000
0.500000
0.866025 0.000000 1 1 0.500000 0.500000 0.500000
1.500000 6.500000 43.500000
0.000000 0.000000 0.000000
0.000000 0.000000 0.000000
1.000000 0.000000 0.000000 0.000000
0.800000 0.800000 0.800000
0.500000
0.866025 0.000000 1 1 0.500000 0.500000 0.500000
2.500000 6.500000 43.500000
0.000000 0.000000 0.000000
0.000000 0.000000 0.000000
1.000000 0.000000 0.000000 0.000000
0.800000 0.800000 0.800000
0.500000
0.866025 0.000000 1 1 0.500000 0.500000 0.500000
2.500000 6.500000 44.500000
0.000000 0.000000 0.000000
0.000000 0.000000 0.000000
1.000000 0.000000 0.000000 0.000000
0.800000 0.800000 0.800000
0.500000
0.866025 0.000000 1 1 0.500000 0.500000 0.500000
2.500000 6.500000 45.500000
0.000000 0.000000 0.000000
0.000000 0.000000 0.000000
1.000000 0.000000 0.000000 0.000000
0.800000 0.800000 0.800000
0.500000
0.866025 0.000000 1 1 0.500000 0.500000 0.500000
2.500000 6.500000 46.500000
0.000000 0.000000 0.000000
0.000000 0.000000 0.000000
1.000000 0.000000 0.000000 0.000000
0.800000 0.800000 0.800000
0.500000
0.866025 0.000000 1 1 0.500000 0.500000 0.500000
2.500000 5.500000 45.500000
0.000000 0.000000 0.000000
0.000000 0.000000 0.000000
1.000000 0.000000 0.000000 0.000000
0.800000 0.800000 0.800000
0.500000
0.866025 0.000000 1 1 0.500000 0.500000 0.500000
2.500000 5.500000 44.500000
0.000000 0.000000 0.000000
0.000000 0.000000 0.000000
1.000000 0.000000 0.000000 0.000000
0.800000 0.800000 0.800000
0.500000
0.866025 0.000000 1 1 0.500000 0.500000 0.500000
2.500000 5.500000 43.500000
0.000000 0.000000 0.000000
0.000000 0.000000 0.000000
1.000000 0.000000 0.000000 0.000000
0.800000 0.800000 0.800000
0.500000
0.866025 0.000000 1 1 0.500000 0.500000 0.500000
2.500000 4.500000 44.500000
0.000000 0.000000 0.000000
0.000000 0.000000 0.000000
1.000000 0.000000 0.000000 0.000000
0.800000 0.800000 0.800000
0.500000
0.866025 0.000000 1 1 0.500000 0.500000 0.500000
2.500000 4.500000 43.500000
0.000000 0.000000 0.000000
0.000000 0.000000 0.000000
1.000000 0.000000 0.000000 0.000000
0.800000 0.800000 0.800000
0.500000
0.866025 0.000000 1 1 0.500000 0.500000 0.500000
2.500000 3.500000 44.500000
0.000000 0.000000 0.000000
0.000000 0.000000 0.000000
1.000000 0.000000 0.000000 0.000000
0.800000 0.800000 0.800000
0.500000
0.866025 0.000000 1 1 0.500000 0.500000 0.500000
2.500000 3.500000 43.500000
0.000000 0.000000 0.000000
0.000000 0.000000 0.000000
1.000000 0.000000 0.000000 0.000000
0.800000 0.800000 0.800000
0.500000
0.866025 0.000000 1 1 0.500000 0.500000 0.500000
2.500000 5.500000 46.500000
0.000000 0.000000 0.000000
0.000000 0.000000 0.000000
1.000000 0.000000 0.000000 0.000000
0.800000 0.800000 0.800000
0.500000
0.866025 0.000000 1 1 0.500000 0.500000 0.500000
2.500000 4.500000 46.500000
0.000000 0.000000 0.000000
0.000000 0.000000 0.000000
1.000000 0.000000 0.000000 0.000000
0.800000 0.800000 0.800000
0.500000
0.866025 0.000000 1 1 0.500000 0.500000 0.500000
2.500000 3.500000 46.500000
0.000000 0.000000 0.000000
0.000000 0.000000 0.000000
1.000000 0.000000 0.000000 0.000000
0.800000 0.800000 0.800000
0.500000
0.866025 0.000000 1 1 0.500000 0.500000 0.500000
2.500000 3.500000 45.500000
0.000000 0.000000 0.000000
0.000000 0.000000 0.000000
1.000000 0.000000 0.000000 0.000000
0.800000 0.800000 0.800000
0.500000
0.866025 0.000000 1 1 0.500000 0.500000 0.500000
2.500000 4.500000 45.500000
0.000000 0.000000 0.000000
0.000000 0.000000 0.000000
1.000000 0.000000 0.000000 0.000000
0.800000 0.800000 0.800000
0.500000
0.866025 0.000000 1 1 0.500000 0.500000 0.500000
2.500000 2.500000 43.500000
0.000000 0.000000 0.000000
0.000000 0.000000 0.000000
1.000000 0.000000 0.000000 0.000000
0.800000 0.800000 0.800000
0.500000
0.866025 0.000000 1 1 0.500000 0.500000 0.500000
2.500000 1.500000 42.500000
0.000000 0.000000 0.000000
0.000000 0.000000 0.000000
1.000000 0.000000 0.000000 0.000000
0.800000 0.800000 0.800000
0.500000
0.866025 0.000000 1 1 0.500000 0.500000 0.500000
2.500000 2.500000 42.500000
0.000000 0.000000 0.000000
0.000000 0.000000 0.000000
1.000000 0.000000 0.000000 0.000000
0.800000 0.800000 0.800000
0.500000
0.866025 0.000000 1 1 0.500000 0.500000 0.500000
2.500000 0.500000 41.500000
0.000000 0.000000 0.000000
0.000000 0.000000 0.000000
1.000000 0.000000 0.000000 0.000000
0.800000 0.800000 0.800000
0.500000
0.866025 0.000000 1 1 0.500000 0.500000 0.500000
2.500000 1.500000 41.500000
0.000000 0.000000 0.000000
0.000000 0.000000 0.000000
1.000000 0.000000 0.000000 0.000000
0.800000 0.800000 0.800000
0.500000
0.866025 0.000000 1 1 0.500000 0.500000 0.500000
2.500000 2.500000 41.500000
0.000000 0.000000 0.000000
0.000000 0.000000 0.000000
1.000000 0.000000 0.000000 0.000000
0.800000 0.800000 0.800000
0.500000
0.866025 0.000000 1 1 0.500000 0.500000 0.500000
2.500000 3.500000 42.500000
0.000000 0.000000 0.000000
0.000000 0.000000 0.000000
1.000000 0.000000 0.000000 0.000000
0.800000 0.800000 0.800000
0.500000
0.866025 0.000000 1 1 0.500000 0.500000 0.500000
2.500000 4.500000 42.500000
0.000000 0.000000 0.000000
0.000000 0.000000 0.000000
1.000000 0.000000 0.000000 0.000000
0.800000 0.800000 0.800000
0.500000
0.866025 0.000000 1 1 0.500000 0.500000 0.500000
2.500000 5.500000 42.500000
0.000000 0.000000 0.000000
0.000000 0.000000 0.000000
1.000000 0.000000 0.000000 0.000000
0.800000 0.800000 0.800000
0.500000
0.866025 0.000000 1 1 0.500000 0.500000 0.500000
2.500000 6.500000 42.500000
0.000000 0.000000 0.000000
0.000000 0.000000 0.000000
1.000000 0.000000 0.000000 0.000000
0.800000 0.800000 0.800000
0.500000
0.866025 0.000000 1 1 0.500000 0.500000 0.500000
1.500000 6.500000 42.500000
0.000000 0.000000 0.000000
0.000000 0.000000 0.000000
1.000000 0.000000 0.000000 0.000000
0.800000 0.800000 0.800000
0.500000
0.866025 0.000000 1 1 0.500000 0.500000 0.500000
2.500000 3.500000 41.500000
0.000000 0.000000 0.000000
0.000000 0.000000 0.000000
1.000000 0.000000 0.000000 0.000000
0.800000 0.800000 0.800000
0.500000
0.866025 0.000000 1 1 0.500000 0.500000 0.500000
2.500000 4.500000 41.500000
0.000000 0.000000 0.000000
0.000000 0.000000 0.000000
1.000000 0.000000 0.000000 0.000000
0.800000 0.800000 0.800000
0.500000
0.866025 0.000000 1 1 0.500000 0.500000 0.500000
2.500000 5.500000 41.500000
0.000000 0.000000 0.000000
0.000000 0.000000 0.000000
1.000000 0.000000 0.000000 0.000000
0.800000 0.800000 0.800000
0.500000
0.866025 0.000000 1 1 0.500000 0.500000 0.500000
2.500000 6.500000 41.500000
0.000000 0.000000 0.000000
0.000000 0.000000 0.000000
1.000000 0.000000 0.000000 0.000000
0.800000 0.800000 0.800000
0.500000
0.866025 0.000000 1 1 0.500000 0.500000 0.500000
1.500000 6.500000 41.500000
0.000000 0.000000 0.000000
0.000000 0.000000 0.000000
1.000000 0.000000 0.000000 0.000000
0.800000 0.800000 0.800000
0.500000
0.866025 0.000000 1 1 0.500000 0.500000 0.500000
-1.500000 0.500000 40.500000
0.000000 0.000000 0.000000
0.000000 0.000000 0.000000
1.000000 0.000000 0.000000 0.000000
0.800000 0.800000 0.800000
0.500000
0.866025 0.000000 1 1 0.500000 0.500000 0.500000
-1.500000 1.500000 40.500000
0.000000 0.000000 0.000000
0.000000 0.000000 0.000000
1.000000 0.000000 0.000000 0.000000
0.800000 0.800000 0.800000
0.500000
0.866025 0.000000 1 1 0.500000 0.500000 0.500000
0.500000 1.500000 40.500000
0.000000 0.000000 0.000000
0.000000 0.000000 0.000000
1.000000 0.000000 0.000000 0.000000
0.800000 0.800000 0.800000
0.500000
0.866025 0.000000 1 1 0.500000 0.500000 0.500000
0.500000 2.500000 40.500000
0.000000 0.000000 0.000000
0.000000 0.000000 0.000000
1.000000 0.000000 0.000000 0.000000
0.800000 0.800000 0.800000
0.500000
0.866025 0.000000 1 1 0.500000 0.500000 0.500000
-1.500000 2.500000 40.500000
0.000000 0.000000 0.000000
0.000000 0.000000 0.000000
1.000000 0.000000 0.000000 0.000000
0.800000 0.800000 0.800000
0.500000
0.866025 0.000000 1 1 0.500000 0.500000 0.500000
0.500000 0.500000 40.500000
0.000000 0.000000 0.000000
0.000000 0.000000 0.000000
1.000000 0.000000 0.000000 0.000000
0.800000 0.800000 0.800000
0.500000
0.866025 0.000000 1 1 0.500000 0.500000 0.500000
-0.500000 0.500000 39.500000
0.000000 0.000000 0.000000
0.000000 0.000000 0.000000
1.000000 0.000000 0.000000 0.000000
0.800000 0.800000 0.800000
0.500000
0.866025 0.000000 1 1 0.500000 0.500000 0.500000
-0.500000 0.500000 38.500000
0.000000 0.000000 0.000000
0.000000 0.000000 0.000000
1.000000 0.000000 0.000000 0.000000
0.800000 0.800000 0.800000
0.500000
0.866025 0.000000 1 1 0.500000 0.500000 0.500000
-0.500000 0.500000 37.500000
0.000000 0.000000 0.000000
0.000000 0.000000 0.000000
1.000000 0.000000 0.000000 0.000000
0.800000 0.800000 0.800000
0.500000
0.866025 0.000000 1 1 0.500000 0.500000 0.500000
-0.500000 1.500000 38.500000
0.000000 0.000000 0.000000
0.000000 0.000000 0.000000
1.000000 0.000000 0.000000 0.000000
0.800000 0.800000 0.800000
0.500000
0.866025 0.000000 1 1 0.500000 0.500000 0.500000
-0.500000 1.500000 37.500000
0.000000 0.000000 0.000000
0.000000 0.000000 0.000000
1.000000 0.000000 0.000000 0.000000
0.800000 0.800000 0.800000
0.500000
0.866025 0.000000 1 1 0.500000 0.500000 0.500000
-0.500000 2.500000 37.500000
0.000000 0.000000 0.000000
0.000000 0.000000 0.000000
1.000000 0.000000 0.000000 0.000000
0.800000 0.800000 0.800000
0.500000
0.866025 0.000000 1 1 0.500000 0.500000 0.500000
-0.500000 1.500000 36.500000
0.000000 0.000000 0.000000
0.000000 0.000000 0.000000
1.000000 0.000000 0.000000 0.000000
0.800000 0.800000 0.800000
0.500000
0.866025 0.000000 1 1 0.500000 0.500000 0.500000
-0.500000 0.500000 36.500000
0.000000 0.000000 0.000000
0.000000 0.000000 0.000000
1.000000 0.000000 0.000000 0.000000
0.800000 0.800000 0.800000
0.500000
0.866025 0.000000 1 1 0.500000 0.500000 0.500000
-0.500000 0.500000 35.500000
0.000000 0.000000 0.000000
0.000000 0.000000 0.000000
1.000000 0.000000 0.000000 0.000000
0.800000 0.800000 0.800000
0.500000
0.866025 0.000000 1 1 0.500000 0.500000 0.500000
-0.500000 3.500000 40.500000
0.000000 0.000000 0.000000
0.000000 0.000000 0.000000
1.000000 0.000000 0.000000 0.000000
0.800000 0.800000 0.800000
0.500000
0.866025 0.000000 1 1 0.500000 0.500000 0.500000
0.500000 3.500000 40.500000
0.000000 0.000000 0.000000
0.000000 0.000000 0.000000
1.000000 0.000000 0.000000 0.000000
0.800000 0.800000 0.800000
0.500000
0.866025 0.000000 1 1 0.500000 0.500000 0.500000
-1.500000 3.500000 40.500000
0.000000 0.000000 0.000000
0.000000 0.000000 0.000000
1.000000 0.000000 0.000000 0.000000
0.800000 0.800000 0.800000
0.500000
0.866025 0.000000 1 1 0.500000 0.500000 0.500000
0.500000 1.500000 39.500000
0.000000 0.000000 0.000000
0.000000 0.000000 0.000000
1.000000 0.000000 0.000000 0.000000
0.800000 0.800000 0.800000
0.500000
0.866025 0.000000 1 1 0.500000 0.500000 0.500000
0.500000 2.500000 39.500000
0.000000 0.000000 0.000000
0.000000 0.000000 0.000000
1.000000 0.000000 0.000000 0.000000
0.800000 0.800000 0.800000
0.500000
0.866025 0.000000 1 1 0.500000 0.500000 0.500000
0.500000 3.500000 39.500000
0.000000 0.000000 0.000000
0.000000 0.000000 0.000000
1.000000 0.000000 0.000000 0.000000
0.800000 0.800000 0.800000
0.500000
0.866025 0.000000 1 1 0.500000 0.500000 0.500000
-0.500000 4.500000 40.500000
0.000000 0.000000 0.000000
0.000000 0.000000 0.000000
1.000000 0.000000 0.000000 0.000000
0.800000 0.800000 0.800000
0.500000
0.866025 0.000000 1 1 0.500000 0.500000 0.500000
-0.500000 4.500000 39.500000
0.000000 0.000000 0.000000
0.000000 0.000000 0.000000
1.000000 0.000000 0.000000 0.000000
0.800000 0.800000 0.800000
0.500000
0.866025 0.000000 1 1 0.500000 0.500000 0.500000
-1.500000 3.500000 39.500000
0.000000 0.000000 0.000000
0.000000 0.000000 0.000000
1.000000 0.000000 0.000000 0.000000
0.800000 0.800000 0.800000
0.500000
0.866025 0.000000 1 1 0.500000 0.500000 0.500000
-1.500000 2.500000 39.500000
0.000000 0.000000 0.000000
0.000000 0.000000 0.000000
1.000000 0.000000 0.000000 0.000000
0.800000 0.800000 0.800000
0.500000
0.866025 0.000000 1 1 0.500000 0.500000 0.500000
0.500000 2.500000 38.500000
0.000000 0.000000 0.000000
0.000000 0.000000 0.000000
1.000000 0.000000 0.000000 0.000000
0.800000 0.800000 0.800000
0.500000
0.866025 0.000000 1 1 0.500000 0.500000 0.500000
0.500000 4.500000 40.500000
0.000000 0.000000 0.000000
0.000000 0.000000 0.000000
1.000000 0.000000 0.000000 0.000000
0.800000 0.800000 0.800000
0.500000
0.866025 0.000000 1 1 0.500000 0.500000 0.500000
0.500000 4.500000 39.500000
0.000000 0.000000 0.000000
0.000000 0.000000 0.000000
1.000000 0.000000 0.000000 0.000000
0.800000 0.800000 0.800000
0.500000
0.866025 0.000000 1 1 0.500000 0.500000 0.500000
0.500000 3.500000 38.500000
0.000000 0.000000 0.000000
0.000000 0.000000 0.000000
1.000000 0.000000 0.000000 0.000000
0.800000 0.800000 0.800000
0.500000
0.866025 0.000000 1 1 0.500000 0.500000 0.500000
0.500000 4.500000 38.500000
0.000000 0.000000 0.000000
0.000000 0.000000 0.000000
1.000000 0.000000 0.000000 0.000000
0.800000 0.800000 0.800000
0.500000
0.866025 0.000000 1 1 0.500000 0.500000 0.500000
-1.500000 3.500000 38.500000
0.000000 0.000000 0.000000
0.000000 0.000000 0.000000
1.000000 0.000000 0.000000 0.000000
0.800000 0.800000 0.800000
0.500000
0.866025 0.000000 1 1 0.500000 0.500000 0.500000
-1.500000 2.500000 38.500000
0.000000 0.000000 0.000000
0.000000 0.000000 0.000000
1.000000 0.000000 0.000000 0.000000
0.800000 0.800000 0.800000
0.500000
0.866025 0.000000 1 1 0.500000 0.500000 0.500000
-1.500000 1.500000 39.500000
0.000000 0.000000 0.000000
0.000000 0.000000 0.000000
1.000000 0.000000 0.000000 0.000000
0.800000 0.800000 0.800000
0.500000
0.866025 0.000000 1 1 0.500000 0.500000 0.500000
-0.500000 5.500000 40.500000
0.000000 0.000000 0.000000
0.000000 0.000000 0.000000
1.000000 0.000000 0.000000 0.000000
0.800000 0.800000 0.800000
0.500000
0.866025 0.000000 1 1 0.500000 0.500000 0.500000
-0.500000 5.500000 39.500000
0.000000 0.000000 0.000000
0.000000 0.000000 0.000000
1.000000 0.000000 0.000000 0.000000
0.800000 0.800000 0.800000
0.500000
0.866025 0.000000 1 1 0.500000 0.500000 0.500000
-0.500000 5.500000 38.500000
0.000000 0.000000 0.000000
0.000000 0.000000 0.000000
1.000000 0.000000 0.000000 0.000000
0.800000 0.800000 0.800000
0.500000
0.866025 0.000000 1 1 0.500000 0.500000 0.500000
-1.500000 4.500000 40.500000
0.000000 0.000000 0.000000
0.000000 0.000000 0.000000
1.000000 0.000000 0.000000 0.000000
0.800000 0.800000 0.800000
0.500000
0.866025 0.000000 1 1 0.500000 0.500000 0.500000
-1.500000 4.500000 39.500000
0.000000 0.000000 0.000000
0.000000 0.000000 0.000000
1.000000 0.000000 0.000000 0.000000
0.800000 0.800000 0.800000
0.500000
0.866025 0.000000 1 1 0.500000 0.500000 0.500000
-1.500000 4.500000 38.500000
0.000000 0.000000 0.000000
0.000000 0.000000 0.000000
1.000000 0.000000 0.000000 0.000000
0.800000 0.800000 0.800000
0.500000
0.866025 0.000000 1 1 0.500000 0.500000 0.500000
-1.500000 3.500000 37.500000
0.000000 0.000000 0.000000
0.000000 0.000000 0.000000
1.000000 0.000000 0.000000 0.000000
0.800000 0.800000 0.800000
0.500000
0.866025 0.000000 1 1 0.500000 0.500000 0.500000
-0.500000 5.500000 37.500000
0.000000 0.000000 0.000000
0.000000 0.000000 0.000000
1.000000 0.000000 0.000000 0.000000
0.800000 0.800000 0.800000
0.500000
0.866025 0.000000 1 1 0.500000 0.500000 0.500000
0.500000 4.500000 37.500000
0.000000 0.000000 0.000000
0.000000 0.000000 0.000000
1.000000 0.000000 0.000000 0.000000
0.800000 0.800000 0.800000
0.500000
0.866025 0.000000 1 1 0.500000 0.500000 0.500000
-1.500000 4.500000 37.500000
0.000000 0.000000 0.000000
0.000000 0.000000 0.000000
1.000000 0.000000 0.000000 0.000000
0.800000 0.800000 0.800000
0.500000
0.866025 0.000000 1 1 0.500000 0.500000 0.500000
0.500000 3.500000 37.500000
0.000000 0.000000 0.000000
0.000000 0.000000 0.000000
1.000000 0.000000 0.000000 0.000000
0.800000 0.800000 0.800000
0.500000
0.866025 0.000000 1 1 0.500000 0.500000 0.500000
0.500000 3.500000 36.500000
0.000000 0.000000 0.000000
0.000000 0.000000 0.000000
1.000000 0.000000 0.000000 0.000000
0.800000 0.800000 0.800000
0.500000
0.866025 0.000000 1 1 0.500000 0.500000 0.500000
-1.500000 3.500000 36.500000
0.000000 0.000000 0.000000
0.000000 0.000000 0.000000
1.000000 0.000000 0.000000 0.000000
0.800000 0.800000 0.800000
0.500000
0.866025 0.000000 1 1 0.500000 0.500000 0.500000
0.500000 2.500000 37.500000
0.000000 0.000000 0.000000
0.000000 0.000000 0.000000
1.000000 0.000000 0.000000 0.000000
0.800000 0.800000 0.800000
0.500000
0.866025 0.000000 1 1 0.500000 0.500000 0.500000
0.500000 2.500000 36.500000
0.000000 0.000000 0.000000
0.000000 0.000000 0.000000
1.000000 0.000000 0.000000 0.000000
0.800000 0.800000 0.800000
0.500000
0.866025 0.000000 1 1 0.500000 0.500000 0.500000
-1.500000 2.500000 37.500000
0.000000 0.000000 0.000000
0.000000 0.000000 0.000000
1.000000 0.000000 0.000000 0.000000
0.800000 0.800000 0.800000
0.500000
0.866025 0.000000 1 1 0.500000 0.500000 0.500000
-1.500000 2.500000 36.500000
0.000000 0.000000 0.000000
0.000000 0.000000 0.000000
1.000000 0.000000 0.000000 0.000000
0.800000 0.800000 0.800000
0.500000
0.866025 0.000000 1 1 0.500000 0.500000 0.500000
-1.500000 2.500000 35.500000
0.000000 0.000000 0.000000
0.000000 0.000000 0.000000
1.000000 0.000000 0.000000 0.000000
0.800000 0.800000 0.800000
0.500000
0.866025 0.000000 1 1 0.500000 0.500000 0.500000
0.500000 1.500000 38.500000
0.000000 0.000000 0.000000
0.000000 0.000000 0.000000
1.000000 0.000000 0.000000 0.000000
0.800000 0.800000 0.800000
0.500000
0.866025 0.000000 1 1 0.500000 0.500000 0.500000
0.500000 1.500000 37.500000
0.000000 0.000000 0.000000
0.000000 0.000000 0.000000
1.000000 0.000000 0.000000 0.000000
0.800000 0.800000 0.800000
0.500000
0.866025 0.000000 1 1 0.500000 0.500000 0.500000
0.500000 1.500000 36.500000
0.000000 0.000000 0.000000
0.000000 0.000000 0.000000
1.000000 0.000000 0.000000 0.000000
0.800000 0.800000 0.800000
0.500000
0.866025 0.000000 1 1 0.500000 0.500000 0.500000
0.500000 1.500000 35.500000
0.000000 0.000000 0.000000
0.000000 0.000000 0.000000
1.000000 0.000000 0.000000 0.000000
0.800000 0.800000 0.800000
0.500000
0.866025 0.000000 1 1 0.500000 0.500000 0.500000
0.500000 2.500000 35.500000
0.000000 0.000000 0.000000
0.000000 0.000000 0.000000
1.000000 0.000000 0.000000 0.000000
0.800000 0.800000 0.800000
0.500000
0.866025 0.000000 1 1 0.500000 0.500000 0.500000
-1.500000 1.500000 38.500000
0.000000 0.000000 0.000000
0.000000 0.000000 0.000000
1.000000 0.000000 0.000000 0.000000
0.800000 0.800000 0.800000
0.500000
0.866025 0.000000 1 1 0.500000 0.500000 0.500000
-1.500000 1.500000 37.500000
0.000000 0.000000 0.000000
0.000000 0.000000 0.000000
1.000000 0.000000 0.000000 0.000000
0.800000 0.800000 0.800000
0.500000
0.866025 0.000000 1 1 0.500000 0.500000 0.500000
-1.500000 1.500000 36.500000
0.000000 0.000000 0.000000
0.000000 0.000000 0.000000
1.000000 0.000000 0.000000 0.000000
0.800000 0.800000 0.800000
0.500000
0.866025 0.000000 1 1 0.500000 0.500000 0.500000
-1.500000 1.500000 35.500000
0.000000 0.000000 0.000000
0.000000 0.000000 0.000000
1.000000 0.000000 0.000000 0.000000
0.800000 0.800000 0.800000
0.500000
0.866025 0.000000 1 1 0.500000 0.500000 0.500000
-1.500000 1.500000 34.500000
0.000000 0.000000 0.000000
0.000000 0.000000 0.000000
1.000000 0.000000 0.000000 0.000000
0.800000 0.800000 0.800000
0.500000
0.866025 0.000000 1 1 0.500000 0.500000 0.500000
-1.500000 0.500000 35.500000
0.000000 0.000000 0.000000
0.000000 0.000000 0.000000
1.000000 0.000000 0.000000 0.000000
0.800000 0.800000 0.800000
0.500000
0.866025 0.000000 1 1 0.500000 0.500000 0.500000
-1.500000 0.500000 34.500000
0.000000 0.000000 0.000000
0.000000 0.000000 0.000000
1.000000 0.000000 0.000000 0.000000
0.800000 0.800000 0.800000
0.500000
0.866025 0.000000 1 1 0.500000 0.500000 0.500000
0.500000 0.500000 34.500000
0.000000 0.000000 0.000000
0.000000 0.000000 0.000000
1.000000 0.000000 0.000000 0.000000
0.800000 0.800000 0.800000
0.500000
0.866025 0.000000 1 1 0.500000 0.500000 0.500000
0.500000 1.500000 34.500000
0.000000 0.000000 0.000000
0.000000 0.000000 0.000000
1.000000 0.000000 0.000000 0.000000
0.800000 0.800000 0.800000
0.500000
0.866025 0.000000 1 1 0.500000 0.500000 0.500000
-1.500000 0.500000 39.500000
0.000000 0.000000 0.000000
0.000000 0.000000 0.000000
1.000000 0.000000 0.000000 0.000000
0.800000 0.800000 0.800000
0.500000
0.866025 0.000000 1 1 0.500000 0.500000 0.500000
-1.500000 0.500000 38.500000
0.000000 0.000000 0.000000
0.000000 0.000000 0.000000
1.000000 0.000000 0.000000 0.000000
0.800000 0.800000 0.800000
0.500000
0.866025 0.000000 1 1 0.500000 0.500000 0.500000
-1.500000 0.500000 37.500000
0.000000 0.000000 0.000000
0.000000 0.000000 0.000000
1.000000 0.000000 0.000000 0.000000
0.800000 0.800000 0.800000
0.500000
0.866025 0.000000 1 1 0.500000 0.500000 0.500000
-1.500000 0.500000 36.500000
0.000000 0.000000 0.000000
0.000000 0.000000 0.000000
1.000000 0.000000 0.000000 0.000000
0.800000 0.800000 0.800000
0.500000
0.866025 0.000000 1 1 0.500000 0.500000 0.500000
0.500000 0.500000 39.500000
0.000000 0.000000 0.000000
0.000000 0.000000 0.000000
1.000000 0.000000 0.000000 0.000000
0.800000 0.800000 0.800000
0.500000
0.866025 0.000000 1 1 0.500000 0.500000 0.500000
0.500000 0.500000 38.500000
0.000000 0.000000 0.000000
0.000000 0.000000 0.000000
1.000000 0.000000 0.000000 0.000000
0.800000 0.800000 0.800000
0.500000
0.866025 0.000000 1 1 0.500000 0.500000 0.500000
0.500000 0.500000 37.500000
0.000000 0.000000 0.000000
0.000000 0.000000 0.000000
1.000000 0.000000 0.000000 0.000000
0.800000 0.800000 0.800000
0.500000
0.866025 0.000000 1 1 0.500000 0.500000 0.500000
0.500000 0.500000 36.500000
0.000000 0.000000 0.000000
0.000000 0.000000 0.000000
1.000000 0.000000 0.000000 0.000000
0.800000 0.800000 0.800000
0.500000
0.866025 0.000000 1 1 0.500000 0.500000 0.500000
0.500000 0.500000 35.500000
0.000000 0.000000 0.000000
0.000000 0.000000 0.000000
1.000000 0.000000 0.000000 0.000000
0.800000 0.800000 0.800000
0.500000
0.866025 0.000000 1 1 0.500000 0.500000 0.500000
-0.500000 5.500000 36.500000
0.000000 0.000000 0.000000
0.000000 0.000000 0.000000
1.000000 0.000000 0.000000 0.000000
0.800000 0.800000 0.800000
0.500000
0.866025 0.000000 1 1 0.500000 0.500000 0.500000
-0.500000 4.500000 35.500000
0.000000 0.000000 0.000000
0.000000 0.000000 0.000000
1.000000 0.000000 0.000000 0.000000
0.800000 0.800000 0.800000
0.500000
0.866025 0.000000 1 1 0.500000 0.500000 0.500000
-1.500000 3.500000 35.500000
0.000000 0.000000 0.000000
0.000000 0.000000 0.000000
1.000000 0.000000 0.000000 0.000000
0.800000 0.800000 0.800000
0.500000
0.866025 0.000000 1 1 0.500000 0.500000 0.500000
-1.500000 3.500000 34.500000
0.000000 0.000000 0.000000
0.000000 0.000000 0.000000
1.000000 0.000000 0.000000 0.000000
0.800000 0.800000 0.800000
0.500000
0.866025 0.000000 1 1 0.500000 0.500000 0.500000
-0.500000 3.500000 34.500000
0.000000 0.000000 0.000000
0.000000 0.000000 0.000000
1.000000 0.000000 0.000000 0.000000
0.800000 0.800000 0.800000
0.500000
0.866025 0.000000 1 1 0.500000 0.500000 0.500000
0.500000 4.500000 36.500000
0.000000 0.000000 0.000000
0.000000 0.000000 0.000000
1.000000 0.000000 0.000000 0.000000
0.800000 0.800000 0.800000
0.500000
0.866025 0.000000 1 1 0.500000 0.500000 0.500000
0.500000 3.500000 35.500000
0.000000 0.000000 0.000000
0.000000 0.000000 0.000000
1.000000 0.000000 0.000000 0.000000
0.800000 0.800000 0.800000
0.500000
0.866025 0.000000 1 1 0.500000 0.500000 0.500000
-1.500000 2.500000 34.500000
0.000000 0.000000 0.000000
0.000000 0.000000 0.000000
1.000000 0.000000 0.000000 0.000000
0.800000 0.800000 0.800000
0.500000
0.866025 0.000000 1 1 0.500000 0.500000 0.500000
0.500000 2.500000 34.500000
0.000000 0.000000 0.000000
0.000000 0.000000 0.000000
1.000000 0.000000 0.000000 0.000000
0.800000 0.800000 0.800000
0.500000
0.866025 0.000000 1 1 0.500000 0.500000 0.500000
0.500000 3.500000 34.500000
0.000000 0.000000 0.000000
0.000000 0.000000 0.000000
1.000000 0.000000 0.000000 0.000000
0.800000 0.800000 0.800000
0.500000
0.866025 0.000000 1 1 0.500000 0.500000 0.500000
-1.500000 4.500000 36.500000
0.000000 0.000000 0.000000
0.000000 0.000000 0.000000
1.000000 0.000000 0.000000 0.000000
0.800000 0.800000 0.800000
0.500000
0.866025 0.000000 1 1 0.500000 0.500000 0.500000
-1.500000 4.500000 35.500000
0.000000 0.000000 0.000000
0.000000 0.000000 0.000000
1.000000 0.000000 0.000000 0.000000
0.800000 0.800000 0.800000
0.500000
0.866025 0.000000 1 1 0.500000 0.500000 0.500000
0.500000 4.500000 35.500000
0.000000 0.000000 0.000000
0.000000 0.000000 0.000000
1.000000 0.000000 0.000000 0.000000
0.800000 0.800000 0.800000
0.500000
0.866025 0.000000 1 1 0.500000 0.500000 0.500000
0.500000 4.500000 34.500000
0.000000 0.000000 0.000000
0.000000 0.000000 0.000000
1.000000 0.000000 0.000000 0.000000
0.800000 0.800000 0.800000
0.500000
0.866025 0.000000 1 1 0.500000 0.500000 0.500000
-0.500000 4.500000 34.500000
0.000000 0.000000 0.000000
0.000000 0.000000 0.000000
1.000000 0.000000 0.000000 0.000000
0.800000 0.800000 0.800000
0.500000
0.866025 0.000000 1 1 0.500000 0.500000 0.500000
-1.500000 4.500000 34.500000
0.000000 0.000000 0.000000
0.000000 0.000000 0.000000
1.000000 0.000000 0.000000 0.000000
0.800000 0.800000 0.800000
0.500000
0.500000 1.000000 0 0 0.000000 0.000000 0.000000
156.362030 0.500012 244.036713
0.000000 0.000000 0.000000
0.000000 0.000000 0.000000
0.587456 0.154216 -0.244212 -0.755958
0.400000 0.700000 1.000000
0.500000
0.500000 1.000000 0 0 0.000000 0.000000 0.000000
-209.136139 0.500000 -82.960976
0.000000 0.000000 0.000000
0.000000 0.000000 0.000000
-0.332202 0.448678 -0.022978 -0.829338
0.400000 0.700000 1.000000
0.500000
0.500000 1.000000 0 0 0.000000 0.000000 0.000000
-148.574631 0.500018 -58.724640
0.000000 0.000000 0.000000
0.000000 0.000000 0.000000
0.949483 0.219384 -0.035944 -0.221496
0.700000 1.000000 0.400000
0.500000
0.500000 1.000000 0 0 0.000000 0.000000 0.000000
217.108246 0.508390 237.795410
0.000000 0.000000 0.000000
0.000000 0.000000 0.000000
0.512864 0.305896 0.783458 -0.172022
1.000000 0.400000 0.700000
0.500000
0.500000 1.000000 0 0 0.000000 0.000000 0.000000
78.113052 0.509264 219.920227
0.000000 0.000000 0.000000
0.000000 0.000000 0.000000
0.519805 -0.785605 0.315166 0.115318
0.400000 0.700000 1.000000
0.500000
0.500000 1.000000 0 0 0.000000 0.000000 0.000000
213.014786 0.500035 234.701492
0.000000 0.000000 0.000000
0.000000 0.000000 0.000000
0.683332 0.196138 0.613613 0.343608
0.700000 1.000000 0.400000
0.500000
0.500000 1.000000 0 0 0.000000 0.000000 0.000000
133.612686 0.500000 239.914124
0.000000 0.000000 0.000000
0.000000 0.000000 0.000000
-0.879246 -0.288707 0.065246 0.373253
1.000000 0.400000 0.700000
0.500000
0.500000 1.000000 0 0 0.000000 0.000000 0.000000
207.223862 0.509500 246.667267
0.000000 0.000000 0.000000
0.000000 0.000000 0.000000
0.908228 0.078371 0.017786 0.410687
0.700000 1.000000 0.400000
0.500000
0.500000 1.000000 0 0 0.000000 0.000000 0.000000
-149.354538 0.503376 -27.020922
0.000000 0.000000 0.000000
0.000000 0.000000 0.000000
-0.001380 -0.087763 0.097711 0.991337
1.000000 0.400000 0.700000
0.500000
0.500000 1.000000 0 0 0.000000 0.000000 0.000000
-236.374664 0.506525 248.298309
0.000000 0.000000 0.000000
0.000000 0.000000 0.000000
0.315746 0.462111 0.677227 0.477621
0.400000 0.700000 1.000000
0.500000
0.500000 1.000000 0 0 0.000000 0.000000 0.000000
-241.106552 0.502538 205.440369
0.000000 0.000000 0.000000
0.000000 0.000000 0.000000
0.123112 0.957434 -0.255176 -0.055221
0.700000 1.000000 0.400000
0.500000
0.500000 1.000000 0 0 0.000000 0.000000 0.000000
-137.559448 0.509875 14.578571
0.000000 0.000000 0.000000
0.000000 0.000000 0.000000
-0.268116 -0.138268 0.015165 0.953292
1.000000 0.400000 0.700000
0.500000
0.500000 1.000000 0 0 0.000000 0.000000 0.000000
-141.390015 0.504607 -15.260056
0.000000 0.000000 0.000000
0.000000 0.000000 0.000000
0.794894 -0.173869 -0.006025 0.581271
0.700000 1.000000 0.400000
0.500000
0.500000 1.000000 0 0 0.000000 0.000000 0.000000
-99.666328 0.500000 16.612869
0.000000 0.000000 0.000000
0.000000 0.000000 0.000000
-0.271861 -0.166613 0.054560 0.946232
0.400000 0.700000 1.000000
0.500000
0.500000 1.000000 0 0 0.000000 0.000000 0.000000
-63.387375 0.500012 -72.052727
0.000000 0.000000 0.000000
0.000000 0.000000 0.000000
0.016540 -0.853490 0.064751 0.516807
1.000000 0.400000 0.700000
0.500000
0.500000 1.000000 0 0 0.000000 0.000000 0.000000
-7.498999 0.500000 50.504681
0.000000 0.000000 0.000000
0.000000 0.000000 0.000000
-0.075824 0.638165 -0.129240 0.755177
0.700000 1.000000 0.400000
0.500000
0.866025 0.000000 1 1 0.500000 0.500000 0.500000
-6.500000 4.500000 49.500000
0.000000 0.000000 0.000000
0.000000 0.000000 0.000000
1.000000 0.000000 0.000000 0.000000
0.800000 0.800000 0.800000
0.500000
0.866025 0.000000 1 1 0.500000 0.500000 0.500000
-7.500000 4.500000 49.500000
0.000000 0.000000 0.000000
0.000000 0.000000 0.000000
1.000000 0.000000 0.000000 0.000000
0.800000 0.800000 0.800000
0.500000
0.866025 0.000000 1 1 0.500000 0.500000 0.500000
-6.500000 4.500000 50.500000
0.000000 0.000000 0.000000
0.000000 0.000000 0.000000
1.000000 0.000000 0.000000 0.000000
0.800000 0.800000 0.800000
0.500000
0.500000 1.000000 0 0 0.000000 0.000000 0.000000
-7.499583 4.479915 50.499973
0.000000 -0.009207 0.000000
0.000000 0.000000 0.000000
1.000000 0.000000 0.000000 0.000000
0.700000 1.000000 0.400000
0.500000
0.866025 0.000000 1 1 0.500000 0.500000 0.500000
-7.500000 0.500000 49.500000
0.000000 0.000000 0.000000
0.000000 0.000000 0.000000
1.000000 0.000000 0.000000 0.000000
0.800000 0.800000 0.800000
0.500000
0.866025 0.000000 1 1 0.500000 0.500000 0.500000
-6.500000 0.500000 49.500000
0.000000 0.000000 0.000000
0.000000 0.000000 0.000000
1.000000 0.000000 0.000000 0.000000
0.800000 0.800000 0.800000
0.500000
0.866025 0.000000 1 1 0.500000 0.500000 0.500000
-6.500000 0.500000 50.500000
0.000000 0.000000 0.000000
0.000000 0.000000 0.000000
1.000000 0.000000 0.000000 0.000000
0.800000 0.800000 0.800000
0.500000
0.866025 0.000000 1 1 0.500000 0.500000 0.500000
-2.500000 0.500000 35.500000
0.000000 0.000000 0.000000
0.000000 0.000000 0.000000
1.000000 0.000000 0.000000 0.000000
0.800000 0.800000 0.800000
0.500000
0.866025 0.000000 1 1 0.500000 0.500000 0.500000
-2.500000 1.500000 36.500000
0.000000 0.000000 0.000000
0.000000 0.000000 0.000000
1.000000 0.000000 0.000000 0.000000
0.800000 0.800000 0.800000
0.500000
0.866025 0.000000 1 1 0.500000 0.500000 0.500000
-2.500000 2.500000 37.500000
0.000000 0.000000 0.000000
0.000000 0.000000 0.000000
1.000000 0.000000 0.000000 0.000000
0.800000 0.800000 0.800000
0.500000
0.866025 0.000000 1 1 0.500000 0.500000 0.500000
-2.500000 3.500000 38.500000
0.000000 0.000000 0.000000
0.000000 0.000000 0.000000
1.000000 0.000000 0.000000 0.000000
0.800000 0.800000 0.800000
0.500000
0.866025 0.000000 1 1 0.500000 0.500000 0.500000
-2.500000 4.500000 39.500000
0.000000 0.000000 0.000000
0.000000 0.000000 0.000000
1.000000 0.000000 0.000000 0.000000
0.800000 0.800000 0.800000
0.500000
0.866025 0.000000 1 1 0.500000 0.500000 0.500000
-1.500000 5.500000 40.500000
0.000000 0.000000 0.000000
0.000000 0.000000 0.000000
1.000000 0.000000 0.000000 0.000000
0.800000 0.800000 0.800000
0.500000
0.866025 0.000000 1 1 0.500000 0.500000 0.500000
-2.500000 4.500000 40.500000
0.000000 0.000000 0.000000
0.000000 0.000000 0.000000
1.000000 0.000000 0.000000 0.000000
0.800000 0.800000 0.800000
0.500000
0.866025 0.000000 1 1 0.500000 0.500000 0.500000
-2.500000 5.500000 40.500000
0.000000 0.000000 0.000000
0.000000 0.000000 0.000000
1.000000 0.000000 0.000000 0.000000
0.800000 0.800000 0.800000
0.500000
0.866025 0.000000 1 1 0.500000 0.500000 0.500000
-1.500000 5.500000 39.500000
0.000000 0.000000 0.000000
0.000000 0.000000 0.000000
1.000000 0.000000 0.000000 0.000000
0.800000 0.800000 0.800000
0.500000
0.866025 0.000000 1 1 0.500000 0.500000 0.500000
-1.500000 5.500000 38.500000
0.000000 0.000000 0.000000
0.000000 0.000000 0.000000
1.000000 0.000000 0.000000 0.000000
0.800000 0.800000 0.800000
0.500000
0.866025 0.000000 1 1 0.500000 0.500000 0.500000
-1.500000 5.500000 36.500000
0.000000 0.000000 0.000000
0.000000 0.000000 0.000000
1.000000 0.000000 0.000000 0.000000
0.800000 0.800000 0.800000
0.500000
0.866025 0.000000 1 1 0.500000 0.500000 0.500000
-1.500000 5.500000 34.500000
0.000000 0.000000 0.000000
0.000000 0.000000 0.000000
1.000000 0.000000 0.000000 0.000000
0.800000 0.800000 0.800000
0.500000
0.866025 0.000000 1 1 0.500000 0.500000 0.500000
-1.500000 5.500000 35.500000
0.000000 0.000000 0.000000
0.000000 0.000000 0.000000
1.000000 0.000000 0.000000 0.000000
0.800000 0.800000 0.800000
0.500000
0.866025 0.000000 1 1 0.500000 0.500000 0.500000
-0.500000 5.500000 34.500000
0.000000 0.000000 0.000000
0.000000 0.000000 0.000000
1.000000 0.000000 0.000000 0.000000
0.800000 0.800000 0.800000
0.500000
0.866025 0.000000 1 1 0.500000 0.500000 0.500000
-0.500000 5.500000 35.500000
0.000000 0.000000 0.000000
0.000000 0.000000 0.000000
1.000000 0.000000 0.000000 0.000000
0.800000 0.800000 0.800000
0.500000
0.866025 0.000000 1 1 0.500000 0.500000 0.500000
0.500000 5.500000 34.500000
0.000000 0.000000 0.000000
0.000000 0.000000 0.000000
1.000000 0.000000 0.000000 0.000000
0.800000 0.800000 0.800000
0.500000
0.866025 0.000000 1 1 0.500000 0.500000 0.500000
0.500000 5.500000 35.500000
0.000000 0.000000 0.000000
0.000000 0.000000 0.000000
1.000000 0.000000 0.000000 0.000000
0.800000 0.800000 0.800000
0.500000
0.866025 0.000000 1 1 0.500000 0.500000 0.500000
0.500000 5.500000 40.500000
0.000000 0.000000 0.000000
0.000000 0.000000 0.000000
1.000000 0.000000 0.000000 0.000000
0.800000 0.800000 0.800000
0.500000
0.866025 0.000000 1 1 0.500000 0.500000 0.500000
0.500000 5.500000 39.500000
0.000000 0.000000 0.000000
0.000000 0.000000 0.000000
1.000000 0.000000 0.000000 0.000000
0.800000 0.800000 0.800000
0.500000
0.866025 0.000000 1 1 0.500000 0.500000 0.500000
0.500000 5.500000 38.500000
0.000000 0.000000 0.000000
0.000000 0.000000 0.000000
1.000000 0.000000 0.000000 0.000000
0.800000 0.800000 0.800000
0.500000
0.866025 0.000000 1 1 0.500000 0.500000 0.500000
0.500000 5.500000 37.500000
0.000000 0.000000 0.000000
0.000000 0.000000 0.000000
1.000000 0.000000 0.000000 0.000000
0.800000 0.800000 0.800000
0.500000
0.866025 0.000000 1 1 0.500000 0.500000 0.500000
0.500000 5.500000 36.500000
0.000000 0.000000 0.000000
0.000000 0.000000 0.000000
1.000000 0.000000 0.000000 0.000000
0.800000 0.800000 0.800000
0.500000
0.866025 0.000000 1 1 0.500000 0.500000 0.500000
-1.500000 6.500000 40.500000
0.000000 0.000000 0.000000
0.000000 0.000000 0.000000
1.000000 0.000000 0.000000 0.000000
0.800000 0.800000 0.800000
0.500000
0.866025 0.000000 1 1 0.500000 0.500000 0.500000
-0.500000 7.500000 40.500000
0.000000 0.000000 0.000000
0.000000 0.000000 0.000000
1.000000 0.000000 0.000000 0.000000
0.800000 0.800000 0.800000
0.500000
0.866025 0.000000 1 1 0.500000 0.500000 0.500000
-3.500000 9.500000 49.500000
0.000000 0.000000 0.000000
0.000000 0.000000 0.000000
1.000000 0.000000 0.000000 0.000000
0.800000 0.800000 0.800000
0.500000
0.866025 0.000000 1 1 0.500000 0.500000 0.500000
-3.500000 10.500000 49.500000
0.000000 0.000000 0.000000
0.000000 0.000000 0.000000
1.000000 0.000000 0.000000 0.000000
0.800000 0.800000 0.800000
0.500000
0.866025 0.000000 1 1 0.500000 0.500000 0.500000
-3.500000 11.500000 49.500000
0.000000 0.000000 0.000000
0.000000 0.000000 0.000000
1.000000 0.000000 0.000000 0.000000
0.800000 0.800000 0.800000
0.500000
0.500000 1.000000 0 0 0.000000 0.000000 0.000000
-249.059296 0.507923 244.004684
0.000000 0.000000 0.000000
0.000000 0.000000 0.000000
0.590730 -0.434613 -0.676499 0.067068
1.000000 0.400000 0.700000
0.500000
0.500000 1.000000 0 0 0.000000 0.000000 0.000000
146.749893 0.506634 247.345795
0.000000 0.000000 0.000000
0.000000 0.000000 0.000000
-0.787516 -0.563977 -0.241313 0.059301
0.700000 1.000000 0.400000
0.500000
0.866025 0.000000 1 1 0.500000 0.500000 0.500000
-3.500000 8.500000 49.500000
0.000000 0.000000 0.000000
0.000000 0.000000 0.000000
1.000000 0.000000 0.000000 0.000000
0.800000 0.800000 0.800000
0.500000
0.500000 1.000000 0 0 0.000000 0.000000 0.000000
121.352852 0.509118 60.240765
0.000000 0.000000 0.000000
0.000000 0.000000 0.000000
0.248895 0.099638 -0.000421 -0.963392
0.400000 0.700000 1.000000
0.500000
0.866025 0.000000 1 1 0.500000 0.500000 0.500000
1.500000 2.500000 44.500000
0.000000 0.000000 0.000000
0.000000 0.000000 0.000000
1.000000 0.000000 0.000000 0.000000
0.800000 0.800000 0.800000
0.500000
0.866025 0.000000 1 1 0.500000 0.500000 0.500000
2.500000 2.500000 44.500000
0.000000 0.000000 0.000000
0.000000 0.000000 0.000000
1.000000 0.000000 0.000000 0.000000
0.800000 0.800000 0.800000
0.500000
0.866025 0.000000 1 1 0.500000 0.500000 0.500000
1.500000 1.500000 44.500000
0.000000 0.000000 0.000000
0.000000 0.000000 0.000000
1.000000 0.000000 0.000000 0.000000
0.800000 0.800000 0.800000
0.500000
0.866025 0.000000 1 1 0.500000 0.500000 0.500000
2.500000 1.500000 44.500000
0.000000 0.000000 0.000000
0.000000 0.000000 0.000000
1.000000 0.000000 0.000000 0.000000
0.800000 0.800000 0.800000
0.500000
0.866025 0.000000 1 1 0.500000 0.500000 0.500000
1.500000 1.500000 43.500000
0.000000 0.000000 0.000000
0.000000 0.000000 0.000000
1.000000 0.000000 0.000000 0.000000
0.800000 0.800000 0.800000
0.500000
0.866025 0.000000 1 1 0.500000 0.500000 0.500000
2.500000 1.500000 43.500000
0.000000 0.000000 0.000000
0.000000 0.000000 0.000000
1.000000 0.000000 0.000000 0.000000
0.800000 0.800000 0.800000
0.500000
0.866025 0.000000 1 1 0.500000 0.500000 0.500000
1.500000 2.500000 46.500000
0.000000 0.000000 0.000000
0.000000 0.000000 0.000000
1.000000 0.000000 0.000000 0.000000
0.800000 0.800000 0.800000
0.500000
0.866025 0.000000 1 1 0.500000 0.500000 0.500000
2.500000 2.500000 46.500000
0.000000 0.000000 0.000000
0.000000 0.000000 0.000000
1.000000 0.000000 0.000000 0.000000
0.800000 0.800000 0.800000
0.500000
0.866025 0.000000 1 1 0.500000 0.500000 0.500000
1.500000 2.500000 45.500000
0.000000 0.000000 0.000000
0.000000 0.000000 0.000000
1.000000 0.000000 0.000000 0.000000
0.800000 0.800000 0.800000
0.500000
0.866025 0.000000 1 1 0.500000 0.500000 0.500000
2.500000 2.500000 45.500000
0.000000 0.000000 0.000000
0.000000 0.000000 0.000000
1.000000 0.000000 0.000000 0.000000
0.800000 0.800000 0.800000
0.500000
0.866025 0.000000 1 1 0.500000 0.500000 0.500000
1.500000 1.500000 45.500000
0.000000 0.000000 0.000000
0.000000 0.000000 0.000000
1.000000 0.000000 0.000000 0.000000
0.800000 0.800000 0.800000
0.500000
0.866025 0.000000 1 1 0.500000 0.500000 0.500000
2.500000 1.500000 45.500000
0.000000 0.000000 0.000000
0.000000 0.000000 0.000000
1.000000 0.000000 0.000000 0.000000
0.800000 0.800000 0.800000
0.500000
0.866025 0.000000 1 1 0.500000 0.500000 0.500000
1.500000 1.500000 46.500000
0.000000 0.000000 0.000000
0.000000 0.000000 0.000000
1.000000 0.000000 0.000000 0.000000
0.800000 0.800000 0.800000
0.500000
0.866025 0.000000 1 1 0.500000 0.500000 0.500000
2.500000 1.500000 46.500000
0.000000 0.000000 0.000000
0.000000 0.000000 0.000000
1.000000 0.000000 0.000000 0.000000
0.800000 0.800000 0.800000
0.500000
0.866025 0.000000 1 1 0.500000 0.500000 0.500000
1.500000 0.500000 46.500000
0.000000 0.000000 0.000000
0.000000 0.000000 0.000000
1.000000 0.000000 0.000000 0.000000
0.800000 0.800000 0.800000
0.500000
0.866025 0.000000 1 1 0.500000 0.500000 0.500000
2.500000 0.500000 46.500000
0.000000 0.000000 0.000000
0.000000 0.000000 0.000000
1.000000 0.000000 0.000000 0.000000
0.800000 0.800000 0.800000
0.500000
0.866025 0.000000 1 1 0.500000 0.500000 0.500000
1.500000 0.500000 45.500000
0.000000 0.000000 0.000000
0.000000 0.000000 0.000000
1.000000 0.000000 0.000000 0.000000
0.800000 0.800000 0.800000
0.500000
0.866025 0.000000 1 1 0.500000 0.500000 0.500000
2.500000 0.500000 45.500000
0.000000 0.000000 0.000000
0.000000 0.000000 0.000000
1.000000 0.000000 0.000000 0.000000
0.800000 0.800000 0.800000
0.500000
0.866025 0.000000 1 1 0.500000 0.500000 0.500000
1.500000 0.500000 44.500000
0.000000 0.000000 0.000000
0.000000 0.000000 0.000000
1.000000 0.000000 0.000000 0.000000
0.800000 0.800000 0.800000
0.500000
0.866025 0.000000 1 1 0.500000 0.500000 0.500000
2.500000 0.500000 44.500000
0.000000 0.000000 0.000000
0.000000 0.000000 0.000000
1.000000 0.000000 0.000000 0.000000
0.800000 0.800000 0.800000
0.500000
0.866025 0.000000 1 1 0.500000 0.500000 0.500000
1.500000 0.500000 43.500000
0.000000 0.000000 0.000000
0.000000 0.000000 0.000000
1.000000 0.000000 0.000000 0.000000
0.800000 0.800000 0.800000
0.500000
0.866025 0.000000 1 1 0.500000 0.500000 0.500000
2.500000 0.500000 43.500000
0.000000 0.000000 0.000000
0.000000 0.000000 0.000000
1.000000 0.000000 0.000000 0.000000
0.800000 0.800000 0.800000
0.500000
0.866025 0.000000 1 1 0.500000 0.500000 0.500000
1.500000 0.500000 42.500000
0.000000 0.000000 0.000000
0.000000 0.000000 0.000000
1.000000 0.000000 0.000000 0.000000
0.800000 0.800000 0.800000
0.500000
0.866025 0.000000 1 1 0.500000 0.500000 0.500000
2.500000 0.500000 42.500000
0.000000 0.000000 0.000000
0.000000 0.000000 0.000000
1.000000 0.000000 0.000000 0.000000
0.800000 0.800000 0.800000
0.500000
0.866025 0.000000 1 1 0.500000 0.500000 0.500000
1.500000 4.500000 45.500000
0.000000 0.000000 0.000000
0.000000 0.000000 0.000000
1.000000 0.000000 0.000000 0.000000
0.800000 0.800000 0.800000
0.500000
0.866025 0.000000 1 1 0.500000 0.500000 0.500000
1.500000 5.500000 45.500000
0.000000 0.000000 0.000000
0.000000 0.000000 0.000000
1.000000 0.000000 0.000000 0.000000
0.800000 0.800000 0.800000
0.500000
0.866025 0.000000 1 1 0.500000 0.500000 0.500000
-3.500000 0.500000 34.500000
0.000000 0.000000 0.000000
0.000000 0.000000 0.000000
1.000000 0.000000 0.000000 0.000000
0.800000 0.800000 0.800000
0.500000
0.866025 0.000000 1 1 0.500000 0.500000 0.500000
-3.500000 0.500000 35.500000
0.000000 0.000000 0.000000
0.000000 0.000000 0.000000
1.000000 0.000000 0.000000 0.000000
0.800000 0.800000 0.800000
0.500000
0.866025 0.000000 1 1 0.500000 0.500000 0.500000
-3.500000 1.500000 34.500000
0.000000 0.000000 0.000000
0.000000 0.000000 0.000000
1.000000 0.000000 0.000000 0.000000
0.800000 0.800000 0.800000
0.500000
0.866025 0.000000 1 1 0.500000 0.500000 0.500000
-3.500000 2.500000 34.500000
0.000000 0.000000 0.000000
0.000000 0.000000 0.000000
1.000000 0.000000 0.000000 0.000000
0.800000 0.800000 0.800000
0.500000
0.866025 0.000000 1 1 0.500000 0.500000 0.500000
-3.500000 1.500000 35.500000
0.000000 0.000000 0.000000
0.000000 0.000000 0.000000
1.000000 0.000000 0.000000 0.000000
0.800000 0.800000 0.800000
0.500000
0.866025 0.000000 1 1 0.500000 0.500000 0.500000
-3.500000 2.500000 35.500000
0.000000 0.000000 0.000000
0.000000 0.000000 0.000000
1.000000 0.000000 0.000000 0.000000
0.800000 0.800000 0.800000
0.500000
0.866025 0.000000 1 1 0.500000 0.500000 0.500000
-3.500000 1.500000 36.500000
0.000000 0.000000 0.000000
0.000000 0.000000 0.000000
1.000000 0.000000 0.000000 0.000000
0.800000 0.800000 0.800000
0.500000
0.866025 0.000000 1 1 0.500000 0.500000 0.500000
-3.500000 2.500000 36.500000
0.000000 0.000000 0.000000
0.000000 0.000000 0.000000
1.000000 0.000000 0.000000 0.000000
0.800000 0.800000 0.800000
0.500000
0.866025 0.000000 1 1 0.500000 0.500000 0.500000
-3.500000 3.500000 36.500000
0.000000 0.000000 0.000000
0.000000 0.000000 0.000000
1.000000 0.000000 0.000000 0.000000
0.800000 0.800000 0.800000
0.500000
0.866025 0.000000 1 1 0.500000 0.500000 0.500000
-3.500000 2.500000 37.500000
0.000000 0.000000 0.000000
0.000000 0.000000 0.000000
1.000000 0.000000 0.000000 0.000000
0.800000 0.800000 0.800000
0.500000
0.866025 0.000000 1 1 0.500000 0.500000 0.500000
-3.500000 3.500000 37.500000
0.000000 0.000000 0.000000
0.000000 0.000000 0.000000
1.000000 0.000000 0.000000 0.000000
0.800000 0.800000 0.800000
0.500000
0.866025 0.000000 1 1 0.500000 0.500000 0.500000
-3.500000 4.500000 37.500000
0.000000 0.000000 0.000000
0.000000 0.000000 0.000000
1.000000 0.000000 0.000000 0.000000
0.800000 0.800000 0.800000
0.500000
0.866025 0.000000 1 1 0.500000 0.500000 0.500000
-3.500000 3.500000 38.500000
0.000000 0.000000 0.000000
0.000000 0.000000 0.000000
1.000000 0.000000 0.000000 0.000000
0.800000 0.800000 0.800000
0.500000
0.866025 0.000000 1 1 0.500000 0.500000 0.500000
-3.500000 4.500000 38.500000
0.000000 0.000000 0.000000
0.000000 0.000000 0.000000
1.000000 0.000000 0.000000 0.000000
0.800000 0.800000 0.800000
0.500000
0.866025 0.000000 1 1 0.500000 0.500000 0.500000
-3.500000 4.500000 39.500000
0.000000 0.000000 0.000000
0.000000 0.000000 0.000000
1.000000 0.000000 0.000000 0.000000
0.800000 0.800000 0.800000
0.500000
0.866025 0.000000 1 1 0.500000 0.500000 0.500000
-3.500000 5.500000 39.500000
0.000000 0.000000 0.000000
0.000000 0.000000 0.000000
1.000000 0.000000 0.000000 0.000000
0.800000 0.800000 0.800000
0.500000
0.866025 0.000000 1 1 0.500000 0.500000 0.500000
-3.500000 6.500000 39.500000
0.000000 0.000000 0.000000
0.000000 0.000000 0.000000
1.000000 0.000000 0.000000 0.000000
0.800000 0.800000 0.800000
0.500000
0.866025 0.000000 1 1 0.500000 0.500000 0.500000
-3.500000 5.500000 40.500000
0.000000 0.000000 0.000000
0.000000 0.000000 0.000000
1.000000 0.000000 0.000000 0.000000
0.800000 0.800000 0.800000
0.500000
0.866025 0.000000 1 1 0.500000 0.500000 0.500000
-3.500000 6.500000 40.500000
0.000000 0.000000 0.000000
0.000000 0.000000 0.000000
1.000000 0.000000 0.000000 0.000000
0.800000 0.800000 0.800000
0.500000
0.866025 0.000000 1 1 0.500000 0.500000 0.500000
-3.500000 7.500000 40.500000
0.000000 0.000000 0.000000
0.000000 0.000000 0.000000
1.000000 0.000000 0.000000 0.000000
0.800000 0.800000 0.800000
0.500000
0.866025 0.000000 1 1 0.500000 0.500000 0.500000
-1.500000 6.500000 39.500000
0.000000 0.000000 0.000000
0.000000 0.000000 0.000000
1.000000 0.000000 0.000000 0.000000
0.800000 0.800000 0.800000
0.500000
0.866025 0.000000 1 1 0.500000 0.500000 0.500000
-1.500000 7.500000 39.500000
0.000000 0.000000 0.000000
0.000000 0.000000 0.000000
1.000000 0.000000 0.000000 0.000000
0.800000 0.800000 0.800000
0.500000
0.866025 0.000000 1 1 0.500000 0.500000 0.500000
-0.500000 8.500000 40.500000
0.000000 0.000000 0.000000
0.000000 0.000000 0.000000
1.000000 0.000000 0.000000 0.000000
0.800000 0.800000 0.800000
0.500000
0.866025 0.000000 1 1 0.500000 0.500000 0.500000
-0.500000 9.500000 40.500000
0.000000 0.000000 0.000000
0.000000 0.000000 0.000000
1.000000 0.000000 0.000000 0.000000
0.800000 0.800000 0.800000
0.500000
0.866025 0.000000 1 1 0.500000 0.500000 0.500000
-0.500000 6.500000 40.500000
0.000000 0.000000 0.000000
0.000000 0.000000 0.000000
1.000000 0.000000 0.000000 0.000000
0.800000 0.800000 0.800000
0.500000
0.866025 0.000000 1 1 0.500000 0.500000 0.500000
-0.500000 6.500000 39.500000
0.000000 0.000000 0.000000
0.000000 0.000000 0.000000
1.000000 0.000000 0.000000 0.000000
0.800000 0.800000 0.800000
0.500000
0.866025 0.000000 1 1 0.500000 0.500000 0.500000
-0.500000 7.500000 39.500000
0.000000 0.000000 0.000000
0.000000 0.000000 0.000000
1.000000 0.000000 0.000000 0.000000
0.800000 0.800000 0.800000
0.500000
0.866025 0.000000 1 1 0.500000 0.500000 0.500000
-0.500000 8.500000 39.500000
0.000000 0.000000 0.000000
0.000000 0.000000 0.000000
1.000000 0.000000 0.000000 0.000000
0.800000 0.800000 0.800000
0.500000
0.866025 0.000000 1 1 0.500000 0.500000 0.500000
-0.500000 10.500000 40.500000
0.000000 0.000000 0.000000
0.000000 0.000000 0.000000
1.000000 0.000000 0.000000 0.000000
0.800000 0.800000 0.800000
0.500000
0.866025 0.000000 1 1 0.500000 0.500000 0.500000
-1.500000 10.500000 40.500000
0.000000 0.000000 0.000000
0.000000 0.000000 0.000000
1.000000 0.000000 0.000000 0.000000
0.800000 0.800000 0.800000
0.500000
0.866025 0.000000 1 1 0.500000 0.500000 0.500000
-0.500000 9.500000 39.500000
0.000000 0.000000 0.000000
0.000000 0.000000 0.000000
1.000000 0.000000 0.000000 0.000000
0.800000 0.800000 0.800000
0.500000
0.866025 0.000000 1 1 0.500000 0.500000 0.500000
-1.500000 9.500000 39.500000
0.000000 0.000000 0.000000
0.000000 0.000000 0.000000
1.000000 0.000000 0.000000 0.000000
0.800000 0.800000 0.800000
0.500000
0.866025 0.000000 1 1 0.500000 0.500000 0.500000
-1.500000 8.500000 39.500000
0.000000 0.000000 0.000000
0.000000 0.000000 0.000000
1.000000 0.000000 0.000000 0.000000
0.800000 0.800000 0.800000
0.500000
0.866025 0.000000 1 1 0.500000 0.500000 0.500000
-3.500000 8.500000 40.500000
0.000000 0.000000 0.000000
0.000000 0.000000 0.000000
1.000000 0.000000 0.000000 0.000000
0.800000 0.800000 0.800000
0.500000
0.866025 0.000000 1 1 0.500000 0.500000 0.500000
-3.500000 9.500000 40.500000
0.000000 0.000000 0.000000
0.000000 0.000000 0.000000
1.000000 0.000000 0.000000 0.000000
0.800000 0.800000 0.800000
0.500000
0.866025 0.000000 1 1 0.500000 0.500000 0.500000
-2.500000 10.500000 40.500000
0.000000 0.000000 0.000000
0.000000 0.000000 0.000000
1.000000 0.000000 0.000000 0.000000
0.800000 0.800000 0.800000
0.500000
0.866025 0.000000 1 1 0.500000 0.500000 0.500000
-3.500000 7.500000 39.500000
0.000000 0.000000 0.000000
0.000000 0.000000 0.000000
1.000000 0.000000 0.000000 0.000000
0.800000 0.800000 0.800000
0.500000
0.866025 0.000000 1 1 0.500000 0.500000 0.500000
-3.500000 8.500000 39.500000
0.000000 0.000000 0.000000
0.000000 0.000000 0.000000
1.000000 0.000000 0.000000 0.000000
0.800000 0.800000 0.800000
0.500000
0.866025 0.000000 1 1 0.500000 0.500000 0.500000
-3.500000 9.500000 39.500000
0.000000 0.000000 0.000000
0.000000 0.000000 0.000000
1.000000 0.000000 0.000000 0.000000
0.800000 0.800000 0.800000
0.500000
0.866025 0.000000 1 1 0.500000 0.500000 0.500000
-2.500000 9.500000 39.500000
0.000000 0.000000 0.000000
0.000000 0.000000 0.000000
1.000000 0.000000 0.000000 0.000000
0.800000 0.800000 0.800000
0.500000
0.866025 0.000000 1 1 0.500000 0.500000 0.500000
-2.500000 9.500000 40.500000
0.000000 0.000000 0.000000
0.000000 0.000000 0.000000
1.000000 0.000000 0.000000 0.000000
0.800000 0.800000 0.800000
0.500000
0.500000 1.000000 0 0 0.000000 0.000000 0.000000
107.365982 0.509809 -25.692646
0.022969 -0.009268 -0.014880
-0.023192 0.000000 -0.051109
-0.987066 -0.087943 -0.000446 -0.134038
1.000000 0.400000 0.700000
0.500000
0.866025 2.000000 1 1 0.500000 0.500000 0.500000
-1.500000 8.500000 38.500000
0.000000 0.000000 0.000000
0.000000 0.000000 0.000000
1.000000 0.000000 0.000000 0.000000
0.800000 0.800000 0.800000
0.500000
0.866025 2.000000 1 1 0.500000 0.500000 0.500000
-2.500000 8.500000 38.500000
0.000000 0.000000 0.000000
0.000000 0.000000 0.000000
1.000000 0.000000 0.000000 0.000000
0.800000 0.800000 0.800000
0.500000
0.866025 2.000000 1 1 0.500000 0.500000 0.500000
-3.500000 8.500000 38.500000
0.000000 0.000000 0.000000
0.000000 0.000000 0.000000
1.000000 0.000000 0.000000 0.000000
0.800000 0.800000 0.800000
0.500000
0.866025 2.000000 1 1 0.500000 0.500000 0.500000
-3.500000 5.500000 38.500000
0.000000 0.000000 0.000000
0.000000 0.000000 0.000000
1.000000 0.000000 0.000000 0.000000
0.800000 0.800000 0.800000
0.500000
0.866025 2.000000 1 1 0.500000 0.500000 0.500000
-3.500000 7.500000 38.500000
0.000000 0.000000 0.000000
0.000000 0.000000 0.000000
1.000000 0.000000 0.000000 0.000000
0.800000 0.800000 0.800000
0.500000
0.866025 2.000000 1 1 0.500000 0.500000 0.500000
-3.500000 6.500000 38.500000
0.000000 0.000000 0.000000
0.000000 0.000000 0.000000
1.000000 0.000000 0.000000 0.000000
0.800000 0.800000 0.800000
0.500000
0.866025 2.000000 1 1 0.500000 0.500000 0.500000
-1.500000 7.500000 38.500000
0.000000 0.000000 0.000000
0.000000 0.000000 0.000000
1.000000 0.000000 0.000000 0.000000
0.800000 0.800000 0.800000
0.500000
0.866025 2.000000 1 1 0.500000 0.500000 0.500000
-1.500000 6.500000 38.500000
0.000000 0.000000 0.000000
0.000000 0.000000 0.000000
1.000000 0.000000 0.000000 0.000000
0.800000 0.800000 0.800000
0.500000
0.866025 2.000000 1 1 0.500000 0.500000 0.500000
-1.500000 7.500000 37.500000
0.000000 0.000000 0.000000
0.000000 0.000000 0.000000
1.000000 0.000000 0.000000 0.000000
0.800000 0.800000 0.800000
0.500000
0.866025 2.000000 1 1 0.500000 0.500000 0.500000
-1.500000 5.500000 37.500000
0.000000 0.000000 0.000000
0.000000 0.000000 0.000000
1.000000 0.000000 0.000000 0.000000
0.800000 0.800000 0.800000
0.500000
0.866025 2.000000 1 1 0.500000 0.500000 0.500000
-1.500000 6.500000 37.500000
0.000000 0.000000 0.000000
0.000000 0.000000 0.000000
1.000000 0.000000 0.000000 0.000000
0.800000 0.800000 0.800000
0.500000
0.866025 2.000000 1 1 0.500000 0.500000 0.500000
-2.500000 7.500000 37.500000
0.000000 0.000000 0.000000
0.000000 0.000000 0.000000
1.000000 0.000000 0.000000 0.000000
0.800000 0.800000 0.800000
0.500000
0.866025 2.000000 1 1 0.500000 0.500000 0.500000
-3.500000 7.500000 37.500000
0.000000 0.000000 0.000000
0.000000 0.000000 0.000000
1.000000 0.000000 0.000000 0.000000
0.800000 0.800000 0.800000
0.500000
0.866025 2.000000 1 1 0.500000 0.500000 0.500000
-3.500000 6.500000 37.500000
0.000000 0.000000 0.000000
0.000000 0.000000 0.000000
1.000000 0.000000 0.000000 0.000000
0.800000 0.800000 0.800000
0.500000
0.866025 2.000000 1 1 0.500000 0.500000 0.500000
-3.500000 5.500000 37.500000
0.000000 0.000000 0.000000
0.000000 0.000000 0.000000
1.000000 0.000000 0.000000 0.000000
0.800000 0.800000 0.800000
0.500000
0.866025 2.000000 1 1 0.500000 0.500000 0.500000
-3.500000 6.500000 36.500000
0.000000 0.000000 0.000000
0.000000 0.000000 0.000000
1.000000 0.000000 0.000000 0.000000
0.800000 0.800000 0.800000
0.500000
0.866025 2.000000 1 1 0.500000 0.500000 0.500000
-2.500000 6.500000 36.500000
0.000000 0.000000 0.000000
0.000000 0.000000 0.000000
1.000000 0.000000 0.000000 0.000000
0.800000 0.800000 0.800000
0.500000
0.866025 2.000000 1 1 0.500000 0.500000 0.500000
-3.500000 5.500000 36.500000
0.000000 0.000000 0.000000
0.000000 0.000000 0.000000
1.000000 0.000000 0.000000 0.000000
0.800000 0.800000 0.800000
0.500000
0.866025 2.000000 1 1 0.500000 0.500000 0.500000
-3.500000 4.500000 36.500000
0.000000 0.000000 0.000000
0.000000 0.000000 0.000000
1.000000 0.000000 0.000000 0.000000
0.800000 0.800000 0.800000
0.500000
0.866025 2.000000 1 1 0.500000 0.500000 0.500000
-3.500000 5.500000 35.500000
0.000000 0.000000 0.000000
0.000000 0.000000 0.000000
1.000000 0.000000 0.000000 0.000000
0.800000 0.800000 0.800000
0.500000
0.866025 2.000000 1 1 0.500000 0.500000 0.500000
-2.500000 5.500000 35.500000
0.000000 0.000000 0.000000
0.000000 0.000000 0.000000
1.000000 0.000000 0.000000 0.000000
0.800000 0.800000 0.800000
0.500000
0.866025 2.000000 1 1 0.500000 0.500000 0.500000
-3.500000 4.500000 35.500000
0.000000 0.000000 0.000000
0.000000 0.000000 0.000000
1.000000 0.000000 0.000000 0.000000
0.800000 0.800000 0.800000
0.500000
0.866025 2.000000 1 1 0.500000 0.500000 0.500000
-3.500000 3.500000 35.500000
0.000000 0.000000 0.000000
0.000000 0.000000 0.000000
1.000000 0.000000 0.000000 0.000000
0.800000 0.800000 0.800000
0.500000
0.866025 2.000000 1 1 0.500000 0.500000 0.500000
-2.500000 4.500000 34.500000
0.000000 0.000000 0.000000
0.000000 0.000000 0.000000
1.000000 0.000000 0.000000 0.000000
0.800000 0.800000 0.800000
0.500000
0.866025 2.000000 1 1 0.500000 0.500000 0.500000
-3.500000 4.500000 34.500000
0.000000 0.000000 0.000000
0.000000 0.000000 0.000000
1.000000 0.000000 0.000000 0.000000
0.800000 0.800000 0.800000
0.500000
0.866025 2.000000 1 1 0.500000 0.500000 0.500000
-3.500000 3.500000 34.500000
0.000000 0.000000 0.000000
0.000000 0.000000 0.000000
1.000000 0.000000 0.000000 0.000000
0.800000 0.800000 0.800000
0.500000
0.866025 2.000000 1 1 0.500000 0.500000 0.500000
-3.500000 4.500000 40.500000
0.000000 0.000000 0.000000
0.000000 0.000000 0.000000
1.000000 0.000000 0.000000 0.000000
0.800000 0.800000 0.800000
0.500000
0.866025 2.000000 1 1 0.500000 0.500000 0.500000
-2.500000 3.500000 40.500000
0.000000 0.000000 0.000000
0.000000 0.000000 0.000000
1.000000 0.000000 0.000000 0.000000
0.800000 0.800000 0.800000
0.500000
0.866025 2.000000 1 1 0.500000 0.500000 0.500000
-2.500000 3.500000 39.500000
0.000000 0.000000 0.000000
0.000000 0.000000 0.000000
1.000000 0.000000 0.000000 0.000000
0.800000 0.800000 0.800000
0.500000
0.866025 2.000000 1 1 0.500000 0.500000 0.500000
-3.500000 3.500000 40.500000
0.000000 0.000000 0.000000
0.000000 0.000000 0.000000
1.000000 0.000000 0.000000 0.000000
0.800000 0.800000 0.800000
0.500000
0.866025 2.000000 1 1 0.500000 0.500000 0.500000
-3.500000 3.500000 39.500000
0.000000 0.000000 0.000000
0.000000 0.000000 0.000000
1.000000 0.000000 0.000000 0.000000
0.800000 0.800000 0.800000
0.500000
0.866025 2.000000 1 1 0.500000 0.500000 0.500000
-2.500000 2.500000 40.500000
0.000000 0.000000 0.000000
0.000000 0.000000 0.000000
1.000000 0.000000 0.000000 0.000000
0.800000 0.800000 0.800000
0.500000
0.866025 2.000000 1 1 0.500000 0.500000 0.500000
-2.500000 2.500000 39.500000
0.000000 0.000000 0.000000
0.000000 0.000000 0.000000
1.000000 0.000000 0.000000 0.000000
0.800000 0.800000 0.800000
0.500000
0.866025 2.000000 1 1 0.500000 0.500000 0.500000
-2.500000 2.500000 38.500000
0.000000 0.000000 0.000000
0.000000 0.000000 0.000000
1.000000 0.000000 0.000000 0.000000
0.800000 0.800000 0.800000
0.500000
0.866025 2.000000 1 1 0.500000 0.500000 0.500000
-3.500000 2.500000 39.500000
0.000000 0.000000 0.000000
0.000000 0.000000 0.000000
1.000000 0.000000 0.000000 0.000000
0.800000 0.800000 0.800000
0.500000
0.866025 2.000000 1 1 0.500000 0.500000 0.500000
-3.500000 2.500000 38.500000
0.000000 0.000000 0.000000
0.000000 0.000000 0.000000
1.000000 0.000000 0.000000 0.000000
0.800000 0.800000 0.800000
0.500000
0.866025 2.000000 1 1 0.500000 0.500000 0.500000
-3.500000 2.500000 40.500000
0.000000 0.000000 0.000000
0.000000 0.000000 0.000000
1.000000 0.000000 0.000000 0.000000
0.800000 0.800000 0.800000
0.500000
0.866025 2.000000 1 1 0.500000 0.500000 0.500000
-2.500000 1.500000 40.500000
0.000000 0.000000 0.000000
0.000000 0.000000 0.000000
1.000000 0.000000 0.000000 0.000000
0.800000 0.800000 0.800000
0.500000
0.866025 2.000000 1 1 0.500000 0.500000 0.500000
-2.500000 1.500000 39.500000
0.000000 0.000000 0.000000
0.000000 0.000000 0.000000
1.000000 0.000000 0.000000 0.000000
0.800000 0.800000 0.800000
0.500000
0.866025 2.000000 1 1 0.500000 0.500000 0.500000
-2.500000 1.500000 38.500000
0.000000 0.000000 0.000000
0.000000 0.000000 0.000000
1.000000 0.000000 0.000000 0.000000
0.800000 0.800000 0.800000
0.500000
0.866025 2.000000 1 1 0.500000 0.500000 0.500000
-2.500000 1.500000 37.500000
0.000000 0.000000 0.000000
0.000000 0.000000 0.000000
1.000000 0.000000 0.000000 0.000000
0.800000 0.800000 0.800000
0.500000
0.866025 2.000000 1 1 0.500000 0.500000 0.500000
-3.500000 1.500000 37.500000
0.000000 0.000000 0.000000
0.000000 0.000000 0.000000
1.000000 0.000000 0.000000 0.000000
0.800000 0.800000 0.800000
0.500000
0.866025 2.000000 1 1 0.500000 0.500000 0.500000
-3.500000 1.500000 39.500000
0.000000 0.000000 0.000000
0.000000 0.000000 0.000000
1.000000 0.000000 0.000000 0.000000
0.800000 0.800000 0.800000
0.500000
0.866025 2.000000 1 1 0.500000 0.500000 0.500000
-3.500000 1.500000 38.500000
0.000000 0.000000 0.000000
0.000000 0.000000 0.000000
1.000000 0.000000 0.000000 0.000000
0.800000 0.800000 0.800000
0.500000
0.866025 2.000000 1 1 0.500000 0.500000 0.500000
-3.500000 1.500000 40.500000
0.000000 0.000000 0.000000
0.000000 0.000000 0.000000
1.000000 0.000000 0.000000 0.000000
0.800000 0.800000 0.800000
0.500000
0.866025 2.000000 1 1 0.500000 0.500000 0.500000
-3.500000 0.500000 39.500000
0.000000 0.000000 0.000000
0.000000 0.000000 0.000000
1.000000 0.000000 0.000000 0.000000
0.800000 0.800000 0.800000
0.500000
0.866025 2.000000 1 1 0.500000 0.500000 0.500000
-2.500000 0.500000 40.500000
0.000000 0.000000 0.000000
0.000000 0.000000 0.000000
1.000000 0.000000 0.000000 0.000000
0.800000 0.800000 0.800000
0.500000
0.866025 2.000000 1 1 0.500000 0.500000 0.500000
-3.500000 0.500000 40.500000
0.000000 0.000000 0.000000
0.000000 0.000000 0.000000
1.000000 0.000000 0.000000 0.000000
0.800000 0.800000 0.800000
0.500000
0.866025 2.000000 1 1 0.500000 0.500000 0.500000
-2.500000 0.500000 38.500000
0.000000 0.000000 0.000000
0.000000 0.000000 0.000000
1.000000 0.000000 0.000000 0.000000
0.800000 0.800000 0.800000
0.500000
0.866025 2.000000 1 1 0.500000 0.500000 0.500000
-3.500000 0.500000 38.500000
0.000000 0.000000 0.000000
0.000000 0.000000 0.000000
1.000000 0.000000 0.000000 0.000000
0.800000 0.800000 0.800000
0.500000
0.866025 2.000000 1 1 0.500000 0.500000 0.500000
-2.500000 0.500000 37.500000
0.000000 0.000000 0.000000
0.000000 0.000000 0.000000
1.000000 0.000000 0.000000 0.000000
0.800000 0.800000 0.800000
0.500000
0.866025 2.000000 1 1 0.500000 0.500000 0.500000
-3.500000 0.500000 37.500000
0.000000 0.000000 0.000000
0.000000 0.000000 0.000000
1.000000 0.000000 0.000000 0.000000
0.800000 0.800000 0.800000
0.500000
0.866025 2.000000 1 1 0.500000 0.500000 0.500000
-2.500000 0.500000 36.500000
0.000000 0.000000 0.000000
0.000000 0.000000 0.000000
1.000000 0.000000 0.000000 0.000000
0.800000 0.800000 0.800000
0.500000
0.866025 2.000000 1 1 0.500000 0.500000 0.500000
-3.500000 0.500000 36.500000
0.000000 0.000000 0.000000
0.000000 0.000000 0.000000
1.000000 0.000000 0.000000 0.000000
0.800000 0.800000 0.800000
0.500000
0.866025 2.000000 1 1 0.500000 0.500000 0.500000
-2.500000 8.500000 41.500000
0.000000 0.000000 0.000000
0.000000 0.000000 0.000000
1.000000 0.000000 0.000000 0.000000
0.800000 0.800000 0.800000
0.500000
0.866025 2.000000 1 1 0.500000 0.500000 0.500000
-2.500000 9.500000 41.500000
0.000000 0.000000 0.000000
0.000000 0.000000 0.000000
1.000000 0.000000 0.000000 0.000000
0.800000 0.800000 0.800000
0.500000
0.866025 2.000000 1 1 0.500000 0.500000 0.500000
-3.500000 8.500000 41.500000
0.000000 0.000000 0.000000
0.000000 0.000000 0.000000
1.000000 0.000000 0.000000 0.000000
0.800000 0.800000 0.800000
0.500000
0.866025 2.000000 1 1 0.500000 0.500000 0.500000
-3.500000 9.500000 41.500000
0.000000 0.000000 0.000000
0.000000 0.000000 0.000000
1.000000 0.000000 0.000000 0.000000
0.800000 0.800000 0.800000
0.500000
0.866025 2.000000 1 1 0.500000 0.500000 0.500000
-0.500000 8.500000 41.500000
0.000000 0.000000 0.000000
0.000000 0.000000 0.000000
1.000000 0.000000 0.000000 0.000000
0.800000 0.800000 0.800000
0.500000
0.866025 2.000000 1 1 0.500000 0.500000 0.500000
-0.500000 9.500000 41.500000
0.000000 0.000000 0.000000
0.000000 0.000000 0.000000
1.000000 0.000000 0.000000 0.000000
0.800000 0.800000 0.800000
0.500000
0.866025 2.000000 1 1 0.500000 0.500000 0.500000
-2.500000 10.500000 41.500000
0.000000 0.000000 0.000000
0.000000 0.000000 0.000000
1.000000 0.000000 0.000000 0.000000
0.800000 0.800000 0.800000
0.500000
0.866025 2.000000 1 1 0.500000 0.500000 0.500000
-1.500000 10.500000 41.500000
0.000000 0.000000 0.000000
0.000000 0.000000 0.000000
1.000000 0.000000 0.000000 0.000000
0.800000 0.800000 0.800000
0.500000
0.866025 2.000000 1 1 0.500000 0.500000 0.500000
-0.500000 10.500000 41.500000
0.000000 0.000000 0.000000
0.000000 0.000000 0.000000
1.000000 0.000000 0.000000 0.000000
0.800000 0.800000 0.800000
0.500000
0.866025 2.000000 1 1 0.500000 0.500000 0.500000
-1.500000 6.500000 36.500000
0.000000 0.000000 0.000000
0.000000 0.000000 0.000000
1.000000 0.000000 0.000000 0.000000
0.800000 0.800000 0.800000
0.500000
0.866025 2.000000 1 1 0.500000 0.500000 0.500000
-3.500000 5.500000 34.500000
0.000000 0.000000 0.000000
0.000000 0.000000 0.000000
1.000000 0.000000 0.000000 0.000000
0.800000 0.800000 0.800000
0.500000
0.866025 2.000000 1 1 0.500000 0.500000 0.500000
-2.500000 5.500000 34.500000
0.000000 0.000000 0.000000
0.000000 0.000000 0.000000
1.000000 0.000000 0.000000 0.000000
0.800000 0.800000 0.800000
0.500000
0.866025 2.000000 1 1 0.500000 0.500000 0.500000
-3.500000 6.500000 34.500000
0.000000 0.000000 0.000000
0.000000 0.000000 0.000000
1.000000 0.000000 0.000000 0.000000
0.800000 0.800000 0.800000
0.500000
0.866025 2.000000 1 1 0.500000 0.500000 0.500000
-2.500000 6.500000 34.500000
0.000000 0.000000 0.000000
0.000000 0.000000 0.000000
1.000000 0.000000 0.000000 0.000000
0.800000 0.800000 0.800000
0.500000
0.866025 2.000000 1 1 0.500000 0.500000 0.500000
-1.500000 6.500000 34.500000
0.000000 0.000000 0.000000
0.000000 0.000000 0.000000
1.000000 0.000000 0.000000 0.000000
0.800000 0.800000 0.800000
0.500000
0.866025 2.000000 1 1 0.500000 0.500000 0.500000
-3.500000 6.500000 35.500000
0.000000 0.000000 0.000000
0.000000 0.000000 0.000000
1.000000 0.000000 0.000000 0.000000
0.800000 0.800000 0.800000
0.500000
0.866025 2.000000 1 1 0.500000 0.500000 0.500000
-2.500000 6.500000 35.500000
0.000000 0.000000 0.000000
0.000000 0.000000 0.000000
1.000000 0.000000 0.000000 0.000000
0.800000 0.800000 0.800000
0.500000
0.866025 2.000000 1 1 0.500000 0.500000 0.500000
-1.500000 6.500000 35.500000
0.000000 0.000000 0.000000
0.000000 0.000000 0.000000
1.000000 0.000000 0.000000 0.000000
0.800000 0.800000 0.800000
0.500000
0.866025 2.000000 1 1 0.500000 0.500000 0.500000
-1.500000 9.500000 38.500000
0.000000 0.000000 0.000000
0.000000 0.000000 0.000000
1.000000 0.000000 0.000000 0.000000
0.800000 0.800000 0.800000
0.500000
0.866025 2.000000 1 1 0.500000 0.500000 0.500000
-2.500000 9.500000 38.500000
0.000000 0.000000 0.000000
0.000000 0.000000 0.000000
1.000000 0.000000 0.000000 0.000000
0.800000 0.800000 0.800000
0.500000
0.866025 2.000000 1 1 0.500000 0.500000 0.500000
-3.500000 9.500000 38.500000
0.000000 0.000000 0.000000
0.000000 0.000000 0.000000
1.000000 0.000000 0.000000 0.000000
0.800000 0.800000 0.800000
0.500000
0.866025 2.000000 1 1 0.500000 0.500000 0.500000
-1.500000 8.500000 37.500000
0.000000 0.000000 0.000000
0.000000 0.000000 0.000000
1.000000 0.000000 0.000000 0.000000
0.800000 0.800000 0.800000
0.500000
0.866025 2.000000 1 1 0.500000 0.500000 0.500000
-1.500000 9.500000 37.500000
0.000000 0.000000 0.000000
0.000000 0.000000 0.000000
1.000000 0.000000 0.000000 0.000000
0.800000 0.800000 0.800000
0.500000
0.866025 2.000000 1 1 0.500000 0.500000 0.500000
-2.500000 8.500000 37.500000
0.000000 0.000000 0.000000
0.000000 0.000000 0.000000
1.000000 0.000000 0.000000 0.000000
0.800000 0.800000 0.800000
0.500000
0.866025 2.000000 1 1 0.500000 0.500000 0.500000
-2.500000 9.500000 37.500000
0.000000 0.000000 0.000000
0.000000 0.000000 0.000000
1.000000 0.000000 0.000000 0.000000
0.800000 0.800000 0.800000
0.500000
0.866025 2.000000 1 1 0.500000 0.500000 0.500000
-3.500000 9.500000 37.500000
0.000000 0.000000 0.000000
0.000000 0.000000 0.000000
1.000000 0.000000 0.000000 0.000000
0.800000 0.800000 0.800000
0.500000
0.866025 2.000000 1 1 0.500000 0.500000 0.500000
-3.500000 8.500000 37.500000
0.000000 0.000000 0.000000
0.000000 0.000000 0.000000
1.000000 0.000000 0.000000 0.000000
0.800000 0.800000 0.800000
0.500000
0.866025 2.000000 1 1 0.500000 0.500000 0.500000
-3.500000 7.500000 36.500000
0.000000 0.000000 0.000000
0.000000 0.000000 0.000000
1.000000 0.000000 0.000000 0.000000
0.800000 0.800000 0.800000
0.500000
0.866025 2.000000 1 1 0.500000 0.500000 0.500000
-2.500000 7.500000 36.500000
0.000000 0.000000 0.000000
0.000000 0.000000 0.000000
1.000000 0.000000 0.000000 0.000000
0.800000 0.800000 0.800000
0.500000
0.866025 2.000000 1 1 0.500000 0.500000 0.500000
-1.500000 7.500000 36.500000
0.000000 0.000000 0.000000
0.000000 0.000000 0.000000
1.000000 0.000000 0.000000 0.000000
0.800000 0.800000 0.800000
0.500000
0.866025 2.000000 1 1 0.500000 0.500000 0.500000
-3.500000 9.500000 36.500000
0.000000 0.000000 0.000000
0.000000 0.000000 0.000000
1.000000 0.000000 0.000000 0.000000
0.800000 0.800000 0.800000
0.500000
0.866025 2.000000 1 1 0.500000 0.500000 0.500000
-3.500000 8.500000 36.500000
0.000000 0.000000 0.000000
0.000000 0.000000 0.000000
1.000000 0.000000 0.000000 0.000000
0.800000 0.800000 0.800000
0.500000
0.866025 2.000000 1 1 0.500000 0.500000 0.500000
-2.500000 9.500000 36.500000
0.000000 0.000000 0.000000
0.000000 0.000000 0.000000
1.000000 0.000000 0.000000 0.000000
0.800000 0.800000 0.800000
0.500000
0.866025 2.000000 1 1 0.500000 0.500000 0.500000
-2.500000 8.500000 36.500000
0.000000 0.000000 0.000000
0.000000 0.000000 0.000000
1.000000 0.000000 0.000000 0.000000
0.800000 0.800000 0.800000
0.500000
0.866025 2.000000 1 1 0.500000 0.500000 0.500000
-1.500000 9.500000 36.500000
0.000000 0.000000 0.000000
0.000000 0.000000 0.000000
1.000000 0.000000 0.000000 0.000000
0.800000 0.800000 0.800000
0.500000
0.866025 2.000000 1 1 0.500000 0.500000 0.500000
-1.500000 8.500000 36.500000
0.000000 0.000000 0.000000
0.000000 0.000000 0.000000
1.000000 0.000000 0.000000 0.000000
0.800000 0.800000 0.800000
0.500000
0.866025 2.000000 1 1 0.500000 0.500000 0.500000
-3.500000 9.500000 35.500000
0.000000 0.000000 0.000000
0.000000 0.000000 0.000000
1.000000 0.000000 0.000000 0.000000
0.800000 0.800000 0.800000
0.500000
0.866025 2.000000 1 1 0.500000 0.500000 0.500000
-2.500000 9.500000 35.500000
0.000000 0.000000 0.000000
0.000000 0.000000 0.000000
1.000000 0.000000 0.000000 0.000000
0.800000 0.800000 0.800000
0.500000
0.866025 2.000000 1 1 0.500000 0.500000 0.500000
-1.500000 9.500000 35.500000
0.000000 0.000000 0.000000
0.000000 0.000000 0.000000
1.000000 0.000000 0.000000 0.000000
0.800000 0.800000 0.800000
0.500000
0.866025 2.000000 1 1 0.500000 0.500000 0.500000
-3.500000 8.500000 35.500000
0.000000 0.000000 0.000000
0.000000 0.000000 0.000000
1.000000 0.000000 0.000000 0.000000
0.800000 0.800000 0.800000
0.500000
0.866025 2.000000 1 1 0.500000 0.500000 0.500000
-3.500000 7.500000 35.500000
0.000000 0.000000 0.000000
0.000000 0.000000 0.000000
1.000000 0.000000 0.000000 0.000000
0.800000 0.800000 0.800000
0.500000
0.866025 2.000000 1 1 0.500000 0.500000 0.500000
-2.500000 7.500000 35.500000
0.000000 0.000000 0.000000
0.000000 0.000000 0.000000
1.000000 0.000000 0.000000 0.000000
0.800000 0.800000 0.800000
0.500000
0.866025 2.000000 1 1 0.500000 0.500000 0.500000
-1.500000 7.500000 35.500000
0.000000 0.000000 0.000000
0.000000 0.000000 0.000000
1.000000 0.000000 0.000000 0.000000
0.800000 0.800000 0.800000
0.500000
0.866025 2.000000 1 1 0.500000 0.500000 0.500000
-3.500000 7.500000 34.500000
0.000000 0.000000 0.000000
0.000000 0.000000 0.000000
1.000000 0.000000 0.000000 0.000000
0.800000 0.800000 0.800000
0.500000
0.866025 2.000000 1 1 0.500000 0.500000 0.500000
-2.500000 7.500000 34.500000
0.000000 0.000000 0.000000
0.000000 0.000000 0.000000
1.000000 0.000000 0.000000 0.000000
0.800000 0.800000 0.800000
0.500000
0.866025 2.000000 1 1 0.500000 0.500000 0.500000
-2.500000 8.500000 35.500000
0.000000 0.000000 0.000000
0.000000 0.000000 0.000000
1.000000 0.000000 0.000000 0.000000
0.800000 0.800000 0.800000
0.500000
0.866025 2.000000 1 1 0.500000 0.500000 0.500000
-1.500000 8.500000 35.500000
0.000000 0.000000 0.000000
0.000000 0.000000 0.000000
1.000000 0.000000 0.000000 0.000000
0.800000 0.800000 0.800000
0.500000
0.866025 2.000000 1 1 0.500000 0.500000 0.500000
-3.500000 9.500000 34.500000
0.000000 0.000000 0.000000
0.000000 0.000000 0.000000
1.000000 0.000000 0.000000 0.000000
0.800000 0.800000 0.800000
0.500000
0.866025 2.000000 1 1 0.500000 0.500000 0.500000
-2.500000 9.500000 34.500000
0.000000 0.000000 0.000000
0.000000 0.000000 0.000000
1.000000 0.000000 0.000000 0.000000
0.800000 0.800000 0.800000
0.500000
0.866025 2.000000 1 1 0.500000 0.500000 0.500000
-1.500000 9.500000 34.500000
0.000000 0.000000 0.000000
0.000000 0.000000 0.000000
1.000000 0.000000 0.000000 0.000000
0.800000 0.800000 0.800000
0.500000
0.866025 2.000000 1 1 0.500000 0.500000 0.500000
-3.500000 8.500000 34.500000
0.000000 0.000000 0.000000
0.000000 0.000000 0.000000
1.000000 0.000000 0.000000 0.000000
0.800000 0.800000 0.800000
0.500000
0.866025 2.000000 1 1 0.500000 0.500000 0.500000
-2.500000 8.500000 34.500000
0.000000 0.000000 0.000000
0.000000 0.000000 0.000000
1.000000 0.000000 0.000000 0.000000
0.800000 0.800000 0.800000
0.500000
0.866025 2.000000 1 1 0.500000 0.500000 0.500000
-1.500000 8.500000 34.500000
0.000000 0.000000 0.000000
0.000000 0.000000 0.000000
1.000000 0.000000 0.000000 0.000000
0.800000 0.800000 0.800000
0.500000
0.866025 2.000000 1 1 0.500000 0.500000 0.500000
-1.500000 7.500000 34.500000
0.000000 0.000000 0.000000
0.000000 0.000000 0.000000
1.000000 0.000000 0.000000 0.000000
0.800000 0.800000 0.800000
0.500000
